"Match","Date","Team","Player ID","Full Name","Role","Played","Runs","Balls","4s","6s","SR","Dismissal","Overs","Maidens","Dots","Runs Conceded","Wickets","Econ","Catches","Stumpings","Run Outs","Pts Bat","Pts Bowl","Pts Field","Pts SR","Pts Econ","Pts XI","Fantasy Points","Source","In Squad List","Bat Order","L1 Recon","L2 Recon","Match Status","Recon Flag","Player Recon"
"Match 1 — JK v GG","2026-07-17","JK","ci:784369","Avishka Fernando","BAT","Y","34","21","2","3","161.9","caught","","0","0","0","0","","1","0","0","64","0","8","4","0","4","80","cricsheet · official","Y","1","✓ clean","✓ complete","COMPLETED_FLAGGED","⚠ official revision pending",""
"Match 1 — JK v GG","2026-07-17","JK","ci:1075863","Kamil Mishara","WK","Y","28","14","6","0","200","caught","","0","0","0","0","","0","0","0","56","0","0","6","0","4","66","cricsheet · official","Y","2","✓ clean","✓ complete","COMPLETED_FLAGGED","⚠ official revision pending",""
"Match 1 — JK v GG","2026-07-17","JK","ci:921509","Ibrahim Zadran","BAT","Y","2","3","0","0","66.7","caught","","0","0","0","0","","1","0","0","2","0","8","0","0","4","14","cricsheet · official","Y","3","✓ clean","✓ complete","COMPLETED_FLAGGED","⚠ official revision pending",""
"Match 1 — JK v GG","2026-07-17","JK","ci:342619","Bhanuka Rajapaksa","BAT","Y","2","5","0","0","40","caught","","0","0","0","0","","0","0","0","2","0","0","0","0","4","6","cricsheet · official","Y","5","✓ clean","✓ complete","COMPLETED_FLAGGED","⚠ official revision pending",""
"Match 1 — JK v GG","2026-07-17","JK","ci:56143","Shakib Al Hasan","AR","N","","","","","","","","","","","","","","","","","","","","","","","cricsheet · official","Y","","","✓ complete","COMPLETED_FLAGGED","⚠ official revision pending",""
"Match 1 — JK v GG","2026-07-17","JK","ci:1152427","Dunith Wellalage","AR","Y","40","24","4","2","166.7","caught and bowled","3","0","11","10","1","3.33","0","0","0","72","41","0","4","6","4","127","cricsheet · official","Y","6","✓ clean","✓ complete","COMPLETED_FLAGGED","⚠ official revision pending",""
"Match 1 — JK v GG","2026-07-17","JK","ci:1186658","Chamindu Wickramasinghe","AR","Y","24","10","1","3","240","run out","","0","0","0","0","","0","0","0","46","0","0","6","0","4","56","cricsheet · official","Y","8","✓ clean","✓ complete","COMPLETED_FLAGGED","⚠ official revision pending",""
"Match 1 — JK v GG","2026-07-17","JK","ci:1282477","Traveen Mathews","AR","N","","","","","","","","","","","","","","","","","","","","","","","cricsheet · official","Y","","✓ clean","⚠ revised: not in official XI","COMPLETED_FLAGGED","⚠ official revision pending",""
"Match 1 — JK v GG","2026-07-17","JK","ci:538506","Taskin Ahmed","BOWL","N","","","","","","","","","","","","","","","","","","","","","","","cricsheet · official","Y","","","✓ complete","COMPLETED_FLAGGED","⚠ official revision pending",""
"Match 1 — JK v GG","2026-07-17","JK","ci:221140","David Wiese","AR","Y","15","19","0","1","78.9","caught","3","0","7","45","1","15","1","0","0","21","37","8","0","-6","4","64","cricsheet · official","Y","7","✓ clean","✓ complete","COMPLETED_FLAGGED","⚠ official revision pending",""
"Match 1 — JK v GG","2026-07-17","JK","ci:1462402","Kugathas Mathulan","BOWL","N","","","","","","","","","","","","","","","","","","","","","","","cricsheet · official","Y","","","✓ complete","COMPLETED_FLAGGED","⚠ official revision pending",""
"Match 1 — JK v GG","2026-07-17","JK","ci:793007","Dilshan Madushanka","BOWL","Y","0","0","0","0","","","2","0","2","40","0","20","0","0","0","0","2","0","0","-6","4","0","cricsheet · official","Y","","✓ clean","✓ complete","COMPLETED_FLAGGED","⚠ official revision pending",""
"Match 1 — JK v GG","2026-07-17","JK","ci:1126045","Nishan Madushka","BAT","N","","","","","","","","","","","","","","","","","","","","","","","cricsheet · official","Y","","","✓ complete","COMPLETED_FLAGGED","⚠ official revision pending",""
"Match 1 — JK v GG","2026-07-17","JK","ci:960361","Sandeep Lamichhane","BOWL","N","","","","","","","","","","","","","","","","","","","","","","","cricsheet · official","Y","","","✓ complete","COMPLETED_FLAGGED","⚠ official revision pending",""
"Match 1 — JK v GG","2026-07-17","JK","ci:32966","Piyush Chawla","BOWL","Y","7","5","0","1","140","caught","4","0","7","43","2","10.75","1","0","0","13","67","8","0","-2","4","90","cricsheet · official","Y","9","✓ clean","✓ complete","COMPLETED_FLAGGED","⚠ official revision pending",""
"Match 1 — JK v GG","2026-07-17","JK","ci:384525","Zahoor Khan","BOWL","N","","","","","","","","","","","","","","","","","","","","","","","cricsheet · official","Y","","","✓ complete","COMPLETED_FLAGGED","⚠ official revision pending",""
"Match 1 — JK v GG","2026-07-17","JK","ci:379887","Lizaad Williams","BOWL","Y","0","2","0","0","0","","3","0","8","28","2","9.33","0","0","0","0","68","0","0","0","4","72","cricsheet · official","Y","11","✓ clean","✓ complete","COMPLETED_FLAGGED","⚠ official revision pending",""
"Match 1 — JK v GG","2026-07-17","JK","ci:1074333","Nuwanidu Fernando","BAT","Y","4","10","0","0","40","caught","1","0","2","7","0","7","2","0","0","4","2","16","-6","0","4","20","cricsheet · official","Y","4","✓ clean","✓ complete","COMPLETED_FLAGGED","⚠ official revision pending",""
"Match 1 — JK v GG","2026-07-17","JK","ci:801817","Mohommed Shiraz","BOWL","N","","","","","","","","","","","","","","","","","","","","","","","cricsheet · official","Y","","","✓ complete","COMPLETED_FLAGGED","⚠ official revision pending",""
"Match 1 — JK v GG","2026-07-17","JK","ci:1439495","Praveen Manisha","BAT","N","","","","","","","","","","","","","","","","","","","","","","","cricsheet · official","Y","","","✓ complete","COMPLETED_FLAGGED","⚠ official revision pending",""
"Match 1 — JK v GG","2026-07-17","GG","ci:1027867","Lasith Croospulle","BAT","Y","1","4","0","0","25","caught","","0","0","0","0","","0","0","0","1","0","0","0","0","4","5","cricsheet · official","Y","2","✓ clean","✓ complete","COMPLETED_FLAGGED","⚠ official revision pending",""
"Match 1 — JK v GG","2026-07-17","GG","ci:326637","Chris Lynn","BAT","N","","","","","","","","","","","","","","","","","","","","","","","cricsheet · official","Y","","","✓ complete","COMPLETED_FLAGGED","⚠ official revision pending",""
"Match 1 — JK v GG","2026-07-17","GG","ci:536936","Litton Das","WK","N","","","","","","","","","","","","","","","","","","","","","","","cricsheet · official","Y","","","✓ complete","COMPLETED_FLAGGED","⚠ official revision pending",""
"Match 1 — JK v GG","2026-07-17","GG","ci:784367","Charith Asalanka","BAT","Y","65","38","7","3","171.1","caught","1","0","3","4","1","4","0","0","0","119","33","0","6","0","4","162","cricsheet · official","Y","3","✓ clean","✓ complete","COMPLETED_FLAGGED","⚠ official revision pending",""
"Match 1 — JK v GG","2026-07-17","GG","ci:348148","Mohammad Nawaz","AR","Y","21","9","0","3","233.3","caught","1","0","2","5","0","5","1","0","0","39","2","8","0","0","4","53","cricsheet · official","Y","7","✓ clean","✓ complete","COMPLETED_FLAGGED","⚠ official revision pending",""
"Match 1 — JK v GG","2026-07-17","GG","ci:437316","Dasun Shanaka","AR","Y","31","9","2","3","344.4","","3","0","7","28","1","9.33","1","0","0","61","37","8","0","0","4","110","cricsheet · official","Y","6","✓ clean","✓ complete","COMPLETED_FLAGGED","⚠ official revision pending",""
"Match 1 — JK v GG","2026-07-17","GG","ci:623695","Chamika Karunaratne","AR","Y","0","0","0","0","","","2","0","2","20","0","10","1","0","0","0","2","8","0","-2","4","12","cricsheet · official","Y","","✓ clean","✓ complete","COMPLETED_FLAGGED","⚠ official revision pending",""
"Match 1 — JK v GG","2026-07-17","GG","ci:1364326","Dinura Kalupahana","BOWL","Y","0","0","0","0","","","","0","0","0","0","","0","0","0","0","0","0","0","0","4","4","cricsheet · official","Y","","","✓ complete","COMPLETED_FLAGGED","⚠ official revision pending",""
"Match 1 — JK v GG","2026-07-17","GG","ci:826689","Pramod Madushan","BOWL","N","","","","","","","","","","","","","","","","","","","","","","","cricsheet · official","Y","","","✓ complete","COMPLETED_FLAGGED","⚠ official revision pending",""
"Match 1 — JK v GG","2026-07-17","GG","ci:1306214","Eshan Malinga","BOWL","Y","0","0","0","0","","","3.7","0","15","26","4","7.09","0","0","0","0","151","0","0","0","4","155","cricsheet · official","Y","","✓ clean","✓ complete","COMPLETED_FLAGGED","⚠ official revision pending",""
"Match 1 — JK v GG","2026-07-17","GG","ci:1153149","Vijayakanth Viyaskanth","BOWL","Y","0","0","0","0","","","3","0","8","0","1","0","1","0","0","0","38","8","0","6","4","56","cricsheet · official","Y","","⚠ wkts 0/1 (cricapi/ESPN)","⚠ revised: wkts 0→1","COMPLETED_FLAGGED","⚠ official revision pending","⚠ official revision"
"Match 1 — JK v GG","2026-07-17","GG","ci:629063","Mehidy Hasan Miraz","AR","Y","10","17","1","0","58.8","caught","2","0","5","29","0","14.5","1","0","0","14","5","8","-4","-6","4","21","cricsheet · official","Y","4","✓ clean","✓ complete","COMPLETED_FLAGGED","⚠ official revision pending",""
"Match 1 — JK v GG","2026-07-17","GG","ci:772361","Sam Harper","WK","Y","40","19","8","1","210.5","caught","","0","0","0","0","","0","0","0","82","0","0","6","0","4","92","cricsheet · official","Y","1","✓ clean","✓ complete","COMPLETED_FLAGGED","⚠ official revision pending",""
"Match 1 — JK v GG","2026-07-17","GG","ci:633660","Virandeep Singh","AR","N","","","","","","","","","","","","","","","","","","","","","","","cricsheet · official","Y","","","⚠ revised: not in official XI","COMPLETED_FLAGGED","⚠ official revision pending",""
"Match 1 — JK v GG","2026-07-17","GG","ci:1203669","Akif Javed","BOWL","Y","0","0","0","0","","","4","0","13","31","2","7.75","0","0","0","0","73","0","0","0","4","77","cricsheet · official","Y","","✓ clean","✓ complete","COMPLETED_FLAGGED","⚠ official revision pending","⚠ official revision"
"Match 1 — JK v GG","2026-07-17","GG","ci:499594","Kasun Rajitha","BOWL","N","","","","","","","","","","","","","","","","","","","","","","","cricsheet · official","Y","","","✓ complete","COMPLETED_FLAGGED","⚠ official revision pending",""
"Match 1 — JK v GG","2026-07-17","GG","ci:693975","Sahan Arachchige","AR","Y","35","24","3","2","145.8","caught","","0","0","0","0","","1","0","0","63","0","8","2","0","4","77","cricsheet · official","Y","5","✓ clean","✓ complete","COMPLETED_FLAGGED","⚠ official revision pending",""
"Match 1 — JK v GG","2026-07-17","GG","ci:950405","Tharindu Rathnayake","BOWL","N","","","","","","","","","","","","","","","","","","","","","","","cricsheet · official","Y","","","✓ complete","COMPLETED_FLAGGED","⚠ official revision pending",""
"Match 1 — JK v GG","2026-07-17","GG","ci:1175296","Sachindu Colombage","AR","N","","","","","","","","","","","","","","","","","","","","","","","cricsheet · official","Y","","","✓ complete","COMPLETED_FLAGGED","⚠ official revision pending",""
"Match 1 — JK v GG","2026-07-17","GG","ci:1437704","Uri Koththigoda","BOWL","N","","","","","","","","","","","","","","","","","","","","","","","cricsheet · official","Y","","","✓ complete","COMPLETED_FLAGGED","⚠ official revision pending",""
"Match 1 — JK v GG","2026-07-17","JK","ci:990031","Towhid Hridoy","BAT","N","","","","","","","","","","","","","","","","","","","","","","","cricsheet · official","Y","","","✓ complete","COMPLETED_FLAGGED","⚠ official revision pending",""
"Match 1 — JK v GG","2026-07-17","GG","ci:410765","Nurul Hasan","BAT","N","","","","","","","","","","","","","","","","","","","","","","","cricsheet · official","Y","","","✓ complete","COMPLETED_FLAGGED","⚠ official revision pending",""
"Match 1 — JK v GG","2026-07-17","GG","ci:1070229","Milan Ratnayake","BOWL","N","","","","","","","","","","","","","","","","","","","","","","","cricsheet · official","Y","","","✓ complete","COMPLETED_FLAGGED","⚠ official revision pending",""
"Match 1 — JK v GG","2026-07-17","JK","","T Mathew","AR","Y","6","7","1","0","85.7","bowled","4","0","8","38","0","9.5","0","0","0","10","8","0","0","0","4","22","cricsheet · official","N","10","","✓ complete","COMPLETED_FLAGGED","⚠ official revision pending",""
"Match 2 — KR v DS","2026-07-18","KR","ci:1161050","Sediqullah Atal","BAT","N","","","","","","","","","","","","","","","","","","","","","","","cricsheet · official","Y","","","✓ complete","COMPLETED_FLAGGED","⚠ official revision pending",""
"Match 2 — KR v DS","2026-07-18","KR","ci:1364325","Vishen Halambage","BAT","Y","2","5","0","0","40","caught","","0","0","0","0","","0","0","0","2","0","0","0","0","4","6","cricsheet · official","Y","1","","✓ complete","COMPLETED_FLAGGED","⚠ official revision pending",""
"Match 2 — KR v DS","2026-07-18","KR","ci:300631","Kusal Perera","WK","Y","8","5","2","0","160","caught","","0","0","0","0","","0","0","0","16","0","0","0","0","4","20","cricsheet · official","Y","2","","✓ complete","COMPLETED_FLAGGED","⚠ official revision pending",""
"Match 2 — KR v DS","2026-07-18","KR","ci:784379","Wanindu Hasaranga","AR","N","","","","","","","","","","","","","","","","","","","","","","","cricsheet · official","Y","","","⚠ revised: not in official XI","COMPLETED_FLAGGED","⚠ official revision pending",""
"Match 2 — KR v DS","2026-07-18","KR","ci:49764","Angelo Mathews","AR","Y","8","8","1","0","100","bowled","1","0","0","13","0","13","0","0","0","12","0","0","0","0","4","16","cricsheet · official","Y","5","","✓ complete","COMPLETED_FLAGGED","⚠ official revision pending","⚠ official revision"
"Match 2 — KR v DS","2026-07-18","KR","ci:477021","Vijay Shankar","AR","Y","41","18","3","3","227.8","","","0","0","0","0","","2","0","0","75","0","16","6","0","4","101","cricsheet · official","Y","7","","✓ complete","COMPLETED_FLAGGED","⚠ official revision pending",""
"Match 2 — KR v DS","2026-07-18","KR","ci:8917","Moeen Ali","AR","N","","","","","","","","","","","","","","","","","","","","","","","cricsheet · official","Y","","","✓ complete","COMPLETED_FLAGGED","⚠ official revision pending",""
"Match 2 — KR v DS","2026-07-18","KR","ci:1253695","Pawan Sandesh","AR","N","","","","","","","","","","","","","","","","","","","","","","","cricsheet · official","Y","","","✓ complete","COMPLETED_FLAGGED","⚠ official revision pending",""
"Match 2 — KR v DS","2026-07-18","KR","ci:826901","Daniel Sams","AR","N","","","","","","","","","","","","","","","","","","","","","","","cricsheet · official","Y","","","✓ complete","COMPLETED_FLAGGED","⚠ official revision pending",""
"Match 2 — KR v DS","2026-07-18","KR","ci:786925","Asitha Fernando","BOWL","Y","0","0","0","0","","","4","0","0","52","1","13","0","0","0","0","38","0","0","-6","4","36","cricsheet · official","Y","","","✓ complete","COMPLETED_FLAGGED","⚠ official revision pending","⚠ official revision"
"Match 2 — KR v DS","2026-07-18","KR","ci:1364328","Garuka Sanketh","AR","N","","","","","","","","","","","","","","","","","","","","","","","cricsheet · official","Y","","","✓ complete","COMPLETED_FLAGGED","⚠ official revision pending",""
"Match 2 — KR v DS","2026-07-18","KR","ci:955235","Nuwan Thushara","BOWL","Y","0","0","0","0","","","4","0","0","35","2","8.75","0","0","0","0","68","0","0","0","4","72","cricsheet · official","Y","","","✓ complete","COMPLETED_FLAGGED","⚠ official revision pending","⚠ official revision"
"Match 2 — KR v DS","2026-07-18","KR","ci:712219","Zahir Khan","BOWL","N","","","","","","","","","","","","","","","","","","","","","","","cricsheet · official","Y","","","✓ complete","COMPLETED_FLAGGED","⚠ official revision pending",""
"Match 2 — KR v DS","2026-07-18","KR","ci:949473","Brandon McMullen","AR","N","","","","","","","","","","","","","","","","","","","","","","","cricsheet · official","Y","","","✓ complete","COMPLETED_FLAGGED","⚠ official revision pending",""
"Match 2 — KR v DS","2026-07-18","KR","ci:704693","Lahiru Udara","BAT","Y","44","28","5","2","157.1","caught","","0","0","0","0","","0","0","0","80","0","0","4","0","4","88","cricsheet · official","Y","3","","✓ complete","COMPLETED_FLAGGED","⚠ official revision pending",""
"Match 2 — KR v DS","2026-07-18","KR","ci:721041","Dushan Hemantha","AR","Y","7","7","1","0","100","","4","0","0","26","2","6.5","0","0","0","11","60","0","0","2","4","77","cricsheet · official","Y","8","","✓ complete","COMPLETED_FLAGGED","⚠ official revision pending","⚠ official revision"
"Match 2 — KR v DS","2026-07-18","KR","ci:985497","Muditha Lakshan","BOWL","Y","0","0","0","0","","","","0","0","0","0","","0","0","0","0","0","0","0","0","4","4","cricsheet · official","Y","","","✓ complete","COMPLETED_FLAGGED","⚠ official revision pending",""
"Match 2 — KR v DS","2026-07-18","KR","ci:823509","Dale Phillips","BAT","Y","52","39","5","2","133.3","caught","","0","0","0","0","","0","0","0","92","0","0","2","0","4","98","cricsheet · official","Y","4","","✓ complete","COMPLETED_FLAGGED","⚠ official revision pending",""
"Match 2 — KR v DS","2026-07-18","KR","ci:1329936","Sahan Mihira","WK","N","","","","","","","","","","","","","","","","","","","","","","","cricsheet · official","Y","","","✓ complete","COMPLETED_FLAGGED","⚠ official revision pending",""
"Match 2 — KR v DS","2026-07-18","KR","ci:1075869","Isitha Wijesundera","BOWL","N","","","","","","","","","","","","","","","","","","","","","","","cricsheet · official","Y","","","✓ complete","COMPLETED_FLAGGED","⚠ official revision pending",""
"Match 2 — KR v DS","2026-07-18","KR","ci:1072470","Shaheen Shah Afridi","BOWL","Y","0","0","0","0","","","3","0","0","41","1","13.67","1","0","0","0","30","8","0","-6","4","36","cricsheet · official","Y","","","✓ complete","COMPLETED_FLAGGED","⚠ official revision pending","⚠ official revision"
"Match 2 — KR v DS","2026-07-18","DS","ci:647785","Sahibzada Farhan","BAT","Y","23","13","4","0","176.9","caught","","0","0","0","0","","0","0","0","39","0","0","6","0","4","49","cricsheet · official","Y","2","","✓ complete","COMPLETED_FLAGGED","⚠ official revision pending",""
"Match 2 — KR v DS","2026-07-18","DS","ci:429754","Niroshan Dickwella","WK","Y","7","4","0","1","175","bowled","","0","0","0","0","","1","0","0","13","0","8","0","0","4","25","cricsheet · official","Y","3","","✓ complete","COMPLETED_FLAGGED","⚠ official revision pending",""
"Match 2 — KR v DS","2026-07-18","DS","ci:269280","Reeza Hendricks","BAT","Y","87","50","11","2","174","","","0","0","0","0","","0","0","0","155","0","0","6","0","4","165","cricsheet · official","Y","4","","✓ complete","COMPLETED_FLAGGED","⚠ official revision pending",""
"Match 2 — KR v DS","2026-07-18","DS","ci:300628","Dinesh Chandimal","BAT","Y","8","5","0","1","160","caught","","0","0","0","0","","0","0","0","14","0","0","0","0","4","18","cricsheet · official","Y","1","","✓ complete","COMPLETED_FLAGGED","⚠ official revision pending",""
"Match 2 — KR v DS","2026-07-18","DS","ci:1171180","Pavan Rathnayake","BAT","Y","7","5","1","0","140","caught","","0","0","0","0","","1","0","0","11","0","8","0","0","4","23","cricsheet · official","Y","5","","✓ complete","COMPLETED_FLAGGED","⚠ official revision pending",""
"Match 2 — KR v DS","2026-07-18","DS","ci:596436","Marques Ackerman","BAT","Y","16","15","2","0","106.7","lbw","","0","0","0","0","","0","0","0","24","0","0","0","0","4","28","cricsheet · official","Y","6","","✓ complete","COMPLETED_FLAGGED","⚠ official revision pending",""
"Match 2 — KR v DS","2026-07-18","DS","ci:629084","Ramesh Mendis","AR","N","","","","","","","","","","","","","","","","","","","","","","","cricsheet · official","Y","","","✓ complete","COMPLETED_FLAGGED","⚠ official revision pending",""
"Match 2 — KR v DS","2026-07-18","DS","ci:1379076","Gayana Weerasinghe","BOWL","N","","","","","","","","","","","","","","","","","","","","","","","cricsheet · official","Y","","","✓ complete","COMPLETED_FLAGGED","⚠ official revision pending",""
"Match 2 — KR v DS","2026-07-18","DS","ci:1138316","Maheesh Theekshana","BOWL","Y","0","0","0","0","","","4","0","0","33","1","8.25","1","0","0","0","30","8","0","0","4","42","cricsheet · official","Y","","","✓ complete","COMPLETED_FLAGGED","⚠ official revision pending","⚠ official revision"
"Match 2 — KR v DS","2026-07-18","DS","ci:574178","Akila Dananjaya","AR","N","","","","","","","","","","","","","","","","","","","","","","","cricsheet · official","Y","","","✓ complete","COMPLETED_FLAGGED","⚠ official revision pending",""
"Match 2 — KR v DS","2026-07-18","DS","ci:552152","Dushmantha Chameera","BOWL","Y","0","0","0","0","","","4","0","0","39","1","9.75","0","0","0","0","30","0","0","0","4","34","cricsheet · official","Y","","","✓ complete","COMPLETED_FLAGGED","⚠ official revision pending","⚠ official revision"
"Match 2 — KR v DS","2026-07-18","DS","ci:352048","Gulbadin Naib","AR","Y","46","23","2","4","200","","2","0","0","19","2","9.5","0","0","0","82","68","0","6","0","4","160","cricsheet · official","Y","8","","✓ complete","COMPLETED_FLAGGED","⚠ official revision pending","⚠ official revision"
"Match 2 — KR v DS","2026-07-18","DS","ci:1185538","Mohammad Wasim","BOWL","Y","0","0","0","0","","","4","0","0","39","2","9.75","0","0","0","0","60","0","0","0","4","64","cricsheet · official","Y","","","✓ complete","COMPLETED_FLAGGED","⚠ official revision pending","⚠ official revision"
"Match 2 — KR v DS","2026-07-18","DS","ci:334621","Shadley van Schalkwyk","AR","N","","","","","","","","","","","","","","","","","","","","","","","cricsheet · official","Y","","","✓ complete","COMPLETED_FLAGGED","⚠ official revision pending",""
"Match 2 — KR v DS","2026-07-18","DS","ci:974175","Fazalhaq Farooqi","BOWL","N","","","","","","","","","","","","","","","","","","","","","","","cricsheet · official","Y","","","✓ complete","COMPLETED_FLAGGED","⚠ official revision pending",""
"Match 2 — KR v DS","2026-07-18","DS","ci:792519","Dhananjaya Lakshan","AR","Y","6","6","0","0","100","caught","2","0","0","25","0","12.5","1","0","0","6","0","8","0","-6","4","12","cricsheet · official","Y","7","","✓ complete","COMPLETED_FLAGGED","⚠ official revision pending","⚠ official revision"
"Match 2 — KR v DS","2026-07-18","DS","ci:727399","Sachitha Jayatilake","WK","N","","","","","","","","","","","","","","","","","","","","","","","cricsheet · official","Y","","","✓ complete","COMPLETED_FLAGGED","⚠ official revision pending",""
"Match 2 — KR v DS","2026-07-18","DS","ci:784375","Vishva Kumara","BOWL","Y","0","0","0","0","","","4","0","0","30","0","7.5","1","0","0","0","0","8","0","0","4","12","cricsheet · official","Y","","","✓ complete","COMPLETED_FLAGGED","⚠ official revision pending","⚠ official revision"
"Match 2 — KR v DS","2026-07-18","DS","ci:784375","Vishva Kumara","BOWL","N","","","","","","","","","","","","","","","","","","","","","","","cricsheet · official","Y","","","✓ complete","COMPLETED_FLAGGED","⚠ official revision pending","⚠ official revision"
"Match 2 — KR v DS","2026-07-18","KR","","PWH de Silva","AR","Y","21","10","1","2","210","caught","4","0","4","37","0","9.25","1","0","0","37","4","8","6","0","4","59","cricsheet · official","N","6","","✓ complete","COMPLETED_FLAGGED","⚠ official revision pending",""
"Match 3 — GG v CK","2026-07-18","GG","ci:1027867","Lasith Croospulle","BAT","Y","17","12","3","0","141.7","caught","","0","0","0","0","","0","0","0","29","0","0","2","0","4","35","cricsheet · official","Y","2","✓ clean","✓ complete","COMPLETED_FLAGGED","⚠ official revision pending",""
"Match 3 — GG v CK","2026-07-18","GG","ci:326637","Chris Lynn","BAT","N","","","","","","","","","","","","","","","","","","","","","","","cricsheet · official","Y","","","✓ complete","COMPLETED_FLAGGED","⚠ official revision pending",""
"Match 3 — GG v CK","2026-07-18","GG","ci:536936","Litton Das","WK","N","","","","","","","","","","","","","","","","","","","","","","","cricsheet · official","Y","","","✓ complete","COMPLETED_FLAGGED","⚠ official revision pending",""
"Match 3 — GG v CK","2026-07-18","GG","ci:784367","Charith Asalanka","BAT","Y","28","21","0","2","133.3","caught","","0","0","0","0","","0","0","0","44","0","0","2","0","4","50","cricsheet · official","Y","4","✓ clean","✓ complete","COMPLETED_FLAGGED","⚠ official revision pending",""
"Match 3 — GG v CK","2026-07-18","GG","ci:348148","Mohammad Nawaz","AR","Y","16","8","0","2","200","","4","0","6","39","1","9.75","0","0","0","28","36","0","0","0","4","68","cricsheet · official","Y","7","✓ clean","✓ complete","COMPLETED_FLAGGED","⚠ official revision pending",""
"Match 3 — GG v CK","2026-07-18","GG","ci:437316","Dasun Shanaka","AR","Y","8","6","1","0","133.3","bowled","2","1","8","16","1","8","0","0","1","12","58","12","0","0","4","86","cricsheet · official","Y","6","✓ clean","✓ complete","COMPLETED_FLAGGED","⚠ official revision pending",""
"Match 3 — GG v CK","2026-07-18","GG","ci:623695","Chamika Karunaratne","AR","Y","0","0","0","0","","","2","0","5","25","0","12.5","0","0","0","0","5","0","0","-6","4","3","cricsheet · official","Y","","✓ clean","✓ complete","COMPLETED_FLAGGED","⚠ official revision pending","⚠ official revision"
"Match 3 — GG v CK","2026-07-18","GG","ci:1364326","Dinura Kalupahana","BOWL","Y","0","0","0","0","","","","0","0","0","0","","0","0","0","0","0","0","0","0","4","4","cricsheet · official","Y","","","✓ complete","COMPLETED_FLAGGED","⚠ official revision pending",""
"Match 3 — GG v CK","2026-07-18","GG","ci:826689","Pramod Madushan","BOWL","N","","","","","","","","","","","","","","","","","","","","","","","cricsheet · official","Y","","","✓ complete","COMPLETED_FLAGGED","⚠ official revision pending",""
"Match 3 — GG v CK","2026-07-18","GG","ci:1306214","Eshan Malinga","BOWL","Y","0","0","0","0","","","4","0","7","42","1","10.5","0","0","0","0","45","0","0","-2","4","47","cricsheet · official","Y","","✓ clean","✓ complete","COMPLETED_FLAGGED","⚠ official revision pending",""
"Match 3 — GG v CK","2026-07-18","GG","ci:1153149","Vijayakanth Viyaskanth","BOWL","Y","0","0","0","0","","","4","0","8","24","0","6","0","0","0","0","8","0","0","2","4","14","cricsheet · official","Y","","✓ clean","✓ complete","COMPLETED_FLAGGED","⚠ official revision pending",""
"Match 3 — GG v CK","2026-07-18","GG","ci:629063","Mehidy Hasan Miraz","AR","Y","13","9","2","0","144.4","caught","","0","0","0","0","","2","0","0","21","0","16","0","0","4","41","cricsheet · official","Y","3","✓ clean","✓ complete","COMPLETED_FLAGGED","⚠ official revision pending",""
"Match 3 — GG v CK","2026-07-18","GG","ci:772361","Sam Harper","WK","Y","65","45","6","3","144.4","caught","","0","0","0","0","","2","0","0","115","0","16","2","0","4","137","cricsheet · official","Y","1","⚠ runs 65/66 (cricapi/ESPN)","✓ complete","COMPLETED_FLAGGED","⚠ official revision pending",""
"Match 3 — GG v CK","2026-07-18","GG","ci:633660","Virandeep Singh","AR","N","","","","","","","","","","","","","","","","","","","","","","","cricsheet · official","Y","","","✓ complete","COMPLETED_FLAGGED","⚠ official revision pending",""
"Match 3 — GG v CK","2026-07-18","GG","ci:1203669","Akif Javed","BOWL","Y","0","0","0","0","","","4","0","12","40","4","10","1","0","0","0","140","8","0","-2","4","150","cricsheet · official","Y","","✓ clean","✓ complete","COMPLETED_FLAGGED","⚠ official revision pending",""
"Match 3 — GG v CK","2026-07-18","GG","ci:499594","Kasun Rajitha","BOWL","N","","","","","","","","","","","","","","","","","","","","","","","cricsheet · official","Y","","","✓ complete","COMPLETED_FLAGGED","⚠ official revision pending",""
"Match 3 — GG v CK","2026-07-18","GG","ci:693975","Sahan Arachchige","AR","Y","38","16","7","0","237.5","","","0","0","0","0","","0","0","0","70","0","0","6","0","4","80","cricsheet · official","Y","5","✓ clean","✓ complete","COMPLETED_FLAGGED","⚠ official revision pending",""
"Match 3 — GG v CK","2026-07-18","GG","ci:950405","Tharindu Rathnayake","BOWL","N","","","","","","","","","","","","","","","","","","","","","","","cricsheet · official","Y","","","✓ complete","COMPLETED_FLAGGED","⚠ official revision pending",""
"Match 3 — GG v CK","2026-07-18","GG","ci:1175296","Sachindu Colombage","AR","N","","","","","","","","","","","","","","","","","","","","","","","cricsheet · official","Y","","","✓ complete","COMPLETED_FLAGGED","⚠ official revision pending",""
"Match 3 — GG v CK","2026-07-18","GG","ci:1437704","Uri Koththigoda","BOWL","N","","","","","","","","","","","","","","","","","","","","","","","cricsheet · official","Y","","","✓ complete","COMPLETED_FLAGGED","⚠ official revision pending",""
"Match 3 — GG v CK","2026-07-18","CK","ci:1393938","Sharujan Shanmuganathan","BAT","N","","","","","","","","","","","","","","","","","","","","","","","cricsheet · official","Y","","","✓ complete","COMPLETED_FLAGGED","⚠ official revision pending",""
"Match 3 — GG v CK","2026-07-18","CK","ci:629074","Kusal Mendis","WK","Y","79","53","2","7","149.1","run out","","0","0","0","0","","1","0","0","141","0","8","2","0","4","155","cricsheet · official","Y","2","✓ clean","✓ complete","COMPLETED_FLAGGED","⚠ official revision pending",""
"Match 3 — GG v CK","2026-07-18","CK","ci:629076","Sadeera Samarawickrama","BAT","Y","15","7","2","1","214.3","caught","","0","0","0","0","","0","0","0","29","0","0","0","0","4","33","cricsheet · official","Y","3","✓ clean","✓ complete","COMPLETED_FLAGGED","⚠ official revision pending",""
"Match 3 — GG v CK","2026-07-18","CK","ci:784373","Kamindu Mendis","AR","Y","10","5","1","1","200","caught","","0","0","0","0","","0","0","0","20","0","0","0","0","4","24","cricsheet · official","Y","4","✓ clean","✓ complete","COMPLETED_FLAGGED","⚠ official revision pending",""
"Match 3 — GG v CK","2026-07-18","CK","ci:603410","Ben McDermott","BAT","Y","57","34","6","2","167.6","lbw","","0","0","0","0","","0","0","0","101","0","0","4","0","4","109","cricsheet · official","Y","5","✓ clean","✓ complete","COMPLETED_FLAGGED","⚠ official revision pending",""
"Match 3 — GG v CK","2026-07-18","CK","ci:681681","Janith Liyanage","BAT","Y","5","5","1","0","100","caught","1","0","2","8","0","8","1","0","0","9","2","8","0","0","4","23","cricsheet · official","Y","6","✓ clean","✓ complete","COMPLETED_FLAGGED","⚠ official revision pending",""
"Match 3 — GG v CK","2026-07-18","CK","ci:355269","Jimmy Neesham","AR","Y","12","8","2","0","150","","3","0","6","26","1","8.67","2","0","0","20","44","16","0","0","4","84","cricsheet · official","Y","7","✓ clean","✓ complete","COMPLETED_FLAGGED","⚠ official revision pending",""
"Match 3 — GG v CK","2026-07-18","CK","ci:1070229","Milan Ratnayake","AR","N","","","","","","","","","","","","","","","","","","","","","","","cricsheet · official","Y","","","✓ complete","COMPLETED_FLAGGED","⚠ official revision pending",""
"Match 3 — GG v CK","2026-07-18","CK","ci:926629","Hasan Mahmud","BOWL","Y","0","0","0","0","","","2.3","0","3","31","2","13.29","0","0","0","0","63","0","0","-6","4","61","cricsheet · official","Y","","✓ clean","✓ complete","COMPLETED_FLAGGED","⚠ official revision pending",""
"Match 3 — GG v CK","2026-07-18","CK","ci:370040","Jeffrey Vandersay","BOWL","N","","","","","","","","","","","","","","","","","","","","","","","cricsheet · official","Y","","","✓ complete","COMPLETED_FLAGGED","⚠ official revision pending",""
"Match 3 — GG v CK","2026-07-18","CK","ci:974109","Mujeeb Ur Rahman","BOWL","Y","0","0","0","0","","","4","0","6","30","0","7.5","0","0","0","0","6","0","0","0","4","10","cricsheet · official","Y","","✓ clean","✓ complete","COMPLETED_FLAGGED","⚠ official revision pending",""
"Match 3 — GG v CK","2026-07-18","CK","ci:629080","Binura Fernando","BOWL","Y","0","0","0","0","","","4","0","3","54","0","13.5","0","0","0","0","3","0","0","-6","4","1","cricsheet · official","Y","","✓ clean","✓ complete","COMPLETED_FLAGGED","⚠ official revision pending",""
"Match 3 — GG v CK","2026-07-18","CK","ci:596097","Rubin Hermann","WK","Y","1","5","0","0","20","bowled","","0","0","0","0","","0","0","0","1","0","0","0","0","4","5","cricsheet · official","Y","1","✓ clean","✓ complete","COMPLETED_FLAGGED","⚠ official revision pending",""
"Match 3 — GG v CK","2026-07-18","CK","ci:794713","Kushal Bhurtel","BAT","N","","","","","","","","","","","","","","","","","","","","","","","cricsheet · official","Y","","","✓ complete","COMPLETED_FLAGGED","⚠ official revision pending",""
"Match 3 — GG v CK","2026-07-18","CK","ci:1203995","Shahnawaz Dahani","BOWL","N","","","","","","","","","","","","","","","","","","","","","","","cricsheet · official","Y","","","✓ complete","COMPLETED_FLAGGED","⚠ official revision pending",""
"Match 3 — GG v CK","2026-07-18","CK","ci:931015","Thanuka Dabare","AR","N","","","","","","","","","","","","","","","","","","","","","","","cricsheet · official","Y","","","✓ complete","COMPLETED_FLAGGED","⚠ official revision pending",""
"Match 3 — GG v CK","2026-07-18","CK","ci:1210287","Movin Subasingha","AR","N","","","","","","","","","","","","","","","","","","","","","","","cricsheet · official","Y","","","✓ complete","COMPLETED_FLAGGED","⚠ official revision pending",""
"Match 3 — GG v CK","2026-07-18","CK","ci:1282476","Wanuja Sahan","BOWL","Y","0","1","0","0","0","caught","3","0","8","7","1","2.33","0","0","0","0","38","0","0","6","4","48","cricsheet · official","Y","9","⚠ wkts 1/2 (cricapi/ESPN)","✓ complete","COMPLETED_FLAGGED","⚠ official revision pending","⚠ official revision"
"Match 3 — GG v CK","2026-07-18","CK","ci:954003","Anthony Pragasam","BOWL","N","","","","","","","","","","","","","","","","","","","","","","","cricsheet · official","Y","","","✓ complete","COMPLETED_FLAGGED","⚠ official revision pending",""
"Match 3 — GG v CK","2026-07-18","CK","ci:1282475","Malsha Tharupathi","BAT","Y","1","2","0","0","50","caught","2","0","1","32","1","16","0","0","0","1","31","0","0","-6","4","30","cricsheet · official","Y","8","⚠ wkts 1/0 (cricapi/ESPN)","✓ complete","COMPLETED_FLAGGED","⚠ official revision pending","⚠ official revision"
"Match 3 — GG v CK","2026-07-18","GG","ci:410765","Nurul Hasan","BAT","N","","","","","","","","","","","","","","","","","","","","","","","cricsheet · official","Y","","","✓ complete","COMPLETED_FLAGGED","⚠ official revision pending",""
"Match 4 — DS v JK","2026-07-19","DS","ci:647785","Sahibzada Farhan","BAT","Y","11","13","1","0","84.6","caught","","0","0","0","0","","0","0","0","15","0","0","0","0","4","19","cricsheet · official","Y","1","✓ clean","✓ complete","COMPLETED_FLAGGED","⚠ official revision pending","⚠ official revision"
"Match 4 — DS v JK","2026-07-19","DS","ci:429754","Niroshan Dickwella","WK","Y","23","16","3","0","143.8","bowled","","0","0","0","0","","2","0","1","35","0","22","2","0","4","63","cricsheet · official","Y","3","✓ clean","✓ complete","COMPLETED_FLAGGED","⚠ official revision pending",""
"Match 4 — DS v JK","2026-07-19","DS","ci:269280","Reeza Hendricks","BAT","Y","18","15","0","1","120","caught","","0","0","0","0","","0","0","0","24","0","0","0","0","4","28","cricsheet · official","Y","4","✓ clean","✓ complete","COMPLETED_FLAGGED","⚠ official revision pending",""
"Match 4 — DS v JK","2026-07-19","DS","ci:300628","Dinesh Chandimal","BAT","Y","17","18","2","0","94.4","caught","","0","0","0","0","","1","0","0","25","0","8","0","0","4","37","cricsheet · official","Y","2","✓ clean","✓ complete","COMPLETED_FLAGGED","⚠ official revision pending",""
"Match 4 — DS v JK","2026-07-19","DS","ci:1171180","Pavan Rathnayake","BAT","Y","27","16","5","0","168.8","caught","","0","0","0","0","","0","0","0","51","0","0","4","0","4","59","cricsheet · official","Y","6","✓ clean","✓ complete","COMPLETED_FLAGGED","⚠ official revision pending",""
"Match 4 — DS v JK","2026-07-19","DS","ci:596436","Marques Ackerman","BAT","Y","1","2","0","0","50","stumped","","0","0","0","0","","0","0","0","1","0","0","0","0","4","5","cricsheet · official","Y","5","✓ clean","✓ complete","COMPLETED_FLAGGED","⚠ official revision pending","⚠ official revision"
"Match 4 — DS v JK","2026-07-19","DS","ci:629084","Ramesh Mendis","AR","Y","3","9","0","0","33.3","bowled","3","0","7","35","0","11.67","0","0","0","3","7","0","0","-4","4","10","cricsheet · official","Y","8","✓ clean","✓ complete","COMPLETED_FLAGGED","⚠ official revision pending",""
"Match 4 — DS v JK","2026-07-19","DS","ci:1379076","Gayana Weerasinghe","BOWL","N","","","","","","","","","","","","","","","","","","","","","","","cricsheet · official","Y","","","✓ complete","COMPLETED_FLAGGED","⚠ official revision pending",""
"Match 4 — DS v JK","2026-07-19","DS","ci:1138316","Maheesh Theekshana","BOWL","Y","4","8","1","0","50","caught","4","0","16","11","1","2.75","0","0","0","8","46","0","0","6","4","64","cricsheet · official","Y","9","✓ clean","✓ complete","COMPLETED_FLAGGED","⚠ official revision pending",""
"Match 4 — DS v JK","2026-07-19","DS","ci:574178","Akila Dananjaya","AR","Y","0","0","0","0","","","4","0","10","28","0","7","0","0","0","0","10","0","0","2","4","16","cricsheet · official","Y","","✓ clean","✓ complete","COMPLETED_FLAGGED","⚠ official revision pending",""
"Match 4 — DS v JK","2026-07-19","DS","ci:552152","Dushmantha Chameera","BOWL","Y","18","11","4","0","163.6","caught","4","0","8","29","2","7.25","0","0","0","34","68","0","0","0","4","106","cricsheet · official","Y","10","✓ clean","✓ complete","COMPLETED_FLAGGED","⚠ official revision pending",""
"Match 4 — DS v JK","2026-07-19","DS","ci:352048","Gulbadin Naib","AR","Y","1","5","0","0","20","lbw","2","0","5","18","0","9","0","0","0","1","5","0","0","0","4","10","cricsheet · official","Y","7","✓ clean","✓ complete","COMPLETED_FLAGGED","⚠ official revision pending",""
"Match 4 — DS v JK","2026-07-19","DS","ci:1185538","Mohammad Wasim","BOWL","N","","","","","","","","","","","","","","","","","","","","","","","cricsheet · official","Y","","","✓ complete","COMPLETED_FLAGGED","⚠ official revision pending",""
"Match 4 — DS v JK","2026-07-19","DS","ci:334621","Shadley van Schalkwyk","AR","N","","","","","","","","","","","","","","","","","","","","","","","cricsheet · official","Y","","","✓ complete","COMPLETED_FLAGGED","⚠ official revision pending",""
"Match 4 — DS v JK","2026-07-19","DS","ci:974175","Fazalhaq Farooqi","BOWL","N","","","","","","","","","","","","","","","","","","","","","","","cricsheet · official","Y","","","✓ complete","COMPLETED_FLAGGED","⚠ official revision pending",""
"Match 4 — DS v JK","2026-07-19","DS","ci:792519","Dhananjaya Lakshan","AR","N","","","","","","","","","","","","","","","","","","","","","","","cricsheet · official","Y","","","✓ complete","COMPLETED_FLAGGED","⚠ official revision pending",""
"Match 4 — DS v JK","2026-07-19","DS","ci:727399","Sachitha Jayatilake","WK","N","","","","","","","","","","","","","","","","","","","","","","","cricsheet · official","Y","","","✓ complete","COMPLETED_FLAGGED","⚠ official revision pending",""
"Match 4 — DS v JK","2026-07-19","DS","ci:784375","Vishva Kumara","BOWL","Y","3","4","0","0","75","","2","0","2","11","1","5.5","0","0","0","3","32","0","0","4","4","43","cricsheet · official","Y","11","✓ clean","✓ complete","COMPLETED_FLAGGED","⚠ official revision pending",""
"Match 4 — DS v JK","2026-07-19","JK","ci:784369","Avishka Fernando","BAT","Y","15","11","3","0","136.4","caught","","0","0","0","0","","0","0","0","27","0","0","2","0","4","33","cricsheet · official","Y","2","✓ clean","✓ complete","COMPLETED_FLAGGED","⚠ official revision pending",""
"Match 4 — DS v JK","2026-07-19","JK","ci:1075863","Kamil Mishara","WK","Y","9","12","2","0","75","caught","","0","0","0","0","","1","1","0","17","0","20","0","0","4","41","cricsheet · official","Y","1","✓ clean","✓ complete","COMPLETED_FLAGGED","⚠ official revision pending",""
"Match 4 — DS v JK","2026-07-19","JK","ci:921509","Ibrahim Zadran","BAT","Y","21","25","0","1","84","caught","","0","0","0","0","","0","0","0","27","0","0","0","0","4","31","cricsheet · official","Y","3","✓ clean","✓ complete","COMPLETED_FLAGGED","⚠ official revision pending",""
"Match 4 — DS v JK","2026-07-19","JK","ci:342619","Bhanuka Rajapaksa","BAT","Y","61","37","4","4","164.9","","","0","0","0","0","","1","0","0","109","0","8","4","0","4","125","cricsheet · official","Y","5","✓ clean","✓ complete","COMPLETED_FLAGGED","⚠ official revision pending",""
"Match 4 — DS v JK","2026-07-19","JK","ci:56143","Shakib Al Hasan","AR","Y","0","0","0","0","","","4","1","15","12","2","3","0","0","0","0","95","0","0","6","4","105","cricsheet · official","Y","","✓ clean","✓ complete","COMPLETED_FLAGGED","⚠ official revision pending",""
"Match 4 — DS v JK","2026-07-19","JK","ci:1152427","Dunith Wellalage","AR","Y","11","13","1","0","84.6","","4","0","9","31","1","7.75","1","0","0","15","47","8","0","0","4","74","cricsheet · official","Y","7","✓ clean","✓ complete","COMPLETED_FLAGGED","⚠ official revision pending",""
"Match 4 — DS v JK","2026-07-19","JK","ci:1186658","Chamindu Wickramasinghe","AR","Y","7","7","1","0","100","caught","","0","0","0","0","","1","0","0","11","0","8","0","0","4","23","cricsheet · official","Y","4","✓ clean","✓ complete","COMPLETED_FLAGGED","⚠ official revision pending",""
"Match 4 — DS v JK","2026-07-19","JK","ci:1282477","Traveen Mathews","AR","N","","","","","","","","","","","","","","","","","","","","","","","cricsheet · official","Y","","✓ clean","⚠ revised: not in official XI","COMPLETED_FLAGGED","⚠ official revision pending",""
"Match 4 — DS v JK","2026-07-19","JK","ci:538506","Taskin Ahmed","BOWL","N","","","","","","","","","","","","","","","","","","","","","","","cricsheet · official","Y","","","✓ complete","COMPLETED_FLAGGED","⚠ official revision pending",""
"Match 4 — DS v JK","2026-07-19","JK","ci:221140","David Wiese","AR","Y","7","9","1","0","77.8","run out","","0","0","0","0","","0","0","0","11","0","0","0","0","4","15","cricsheet · official","Y","6","✓ clean","✓ complete","COMPLETED_FLAGGED","⚠ official revision pending",""
"Match 4 — DS v JK","2026-07-19","JK","ci:1462402","Kugathas Mathulan","BOWL","N","","","","","","","","","","","","","","","","","","","","","","","cricsheet · official","Y","","","✓ complete","COMPLETED_FLAGGED","⚠ official revision pending",""
"Match 4 — DS v JK","2026-07-19","JK","ci:793007","Dilshan Madushanka","BOWL","Y","0","0","0","0","","","4","0","9","31","1","7.75","0","0","0","0","39","0","0","0","4","43","cricsheet · official","Y","","✓ clean","✓ complete","COMPLETED_FLAGGED","⚠ official revision pending",""
"Match 4 — DS v JK","2026-07-19","JK","ci:1126045","Nishan Madushka","BAT","N","","","","","","","","","","","","","","","","","","","","","","","cricsheet · official","Y","","","✓ complete","COMPLETED_FLAGGED","⚠ official revision pending",""
"Match 4 — DS v JK","2026-07-19","JK","ci:960361","Sandeep Lamichhane","BOWL","N","","","","","","","","","","","","","","","","","","","","","","","cricsheet · official","Y","","","✓ complete","COMPLETED_FLAGGED","⚠ official revision pending",""
"Match 4 — DS v JK","2026-07-19","JK","ci:32966","Piyush Chawla","BOWL","Y","0","0","0","0","","","2","0","4","21","0","10.5","0","0","0","0","4","0","0","-2","4","6","cricsheet · official","Y","","✓ clean","✓ complete","COMPLETED_FLAGGED","⚠ official revision pending",""
"Match 4 — DS v JK","2026-07-19","JK","ci:384525","Zahoor Khan","BOWL","N","","","","","","","","","","","","","","","","","","","","","","","cricsheet · official","Y","","","✓ complete","COMPLETED_FLAGGED","⚠ official revision pending",""
"Match 4 — DS v JK","2026-07-19","JK","ci:379887","Lizaad Williams","BOWL","Y","0","0","0","0","","","2.5","0","7","14","3","5.6","1","0","0","0","101","8","0","4","4","117","cricsheet · official","Y","","✓ clean","✓ complete","COMPLETED_FLAGGED","⚠ official revision pending",""
"Match 4 — DS v JK","2026-07-19","JK","ci:1074333","Nuwanidu Fernando","BAT","N","","","","","","","","","","","","","","","","","","","","","","","cricsheet · official","Y","","","✓ complete","COMPLETED_FLAGGED","⚠ official revision pending",""
"Match 4 — DS v JK","2026-07-19","JK","ci:801817","Mohommed Shiraz","BOWL","N","","","","","","","","","","","","","","","","","","","","","","","cricsheet · official","Y","","","✓ complete","COMPLETED_FLAGGED","⚠ official revision pending",""
"Match 4 — DS v JK","2026-07-19","JK","ci:1439495","Praveen Manisha","BAT","N","","","","","","","","","","","","","","","","","","","","","","","cricsheet · official","Y","","","✓ complete","COMPLETED_FLAGGED","⚠ official revision pending",""
"Match 4 — DS v JK","2026-07-19","DS","ci:784375","Vishva Kumara","BOWL","N","","","","","","","","","","","","","","","","","","","","","","","cricsheet · official","Y","","✓ clean","✓ complete","COMPLETED_FLAGGED","⚠ official revision pending",""
"Match 4 — DS v JK","2026-07-19","JK","ci:990031","Towhid Hridoy","BAT","N","","","","","","","","","","","","","","","","","","","","","","","cricsheet · official","Y","","","✓ complete","COMPLETED_FLAGGED","⚠ official revision pending",""
"Match 4 — DS v JK","2026-07-19","JK","","T Mathew","AR","Y","0","0","0","0","","","3","0","4","19","3","6.33","1","0","0","0","106","8","0","2","4","120","cricsheet · official","N","","","✓ complete","COMPLETED_FLAGGED","⚠ official revision pending",""
"Match 5 — CK v KR","2026-07-19","CK","ci:1393938","Sharujan Shanmuganathan","BAT","N","","","","","","","","","","","","","","","","","","","","","","","cricsheet · official","Y","","","✓ complete","COMPLETED_FLAGGED","⚠ official revision pending",""
"Match 5 — CK v KR","2026-07-19","CK","ci:629074","Kusal Mendis","WK","Y","2","4","0","0","50","retired hurt","","0","0","0","0","","1","0","0","2","0","8","0","0","4","14","cricsheet · official","Y","2","✓ clean","✓ complete","COMPLETED_FLAGGED","⚠ official revision pending",""
"Match 5 — CK v KR","2026-07-19","CK","ci:629076","Sadeera Samarawickrama","BAT","Y","3","4","0","0","75","caught","","0","0","0","0","","1","0","0","3","0","8","0","0","4","15","cricsheet · official","Y","3","✓ clean","✓ complete","COMPLETED_FLAGGED","⚠ official revision pending",""
"Match 5 — CK v KR","2026-07-19","CK","ci:784373","Kamindu Mendis","AR","Y","26","23","2","1","113","caught","","0","0","0","0","","0","0","0","44","0","0","0","0","4","48","cricsheet · official","Y","4","✓ clean","✓ complete","COMPLETED_FLAGGED","⚠ official revision pending",""
"Match 5 — CK v KR","2026-07-19","CK","ci:603410","Ben McDermott","BAT","Y","22","14","2","1","157.1","caught","","0","0","0","0","","0","0","0","36","0","0","4","0","4","44","cricsheet · official","Y","5","✓ clean","✓ complete","COMPLETED_FLAGGED","⚠ official revision pending",""
"Match 5 — CK v KR","2026-07-19","CK","ci:681681","Janith Liyanage","BAT","Y","53","32","6","1","165.6","","","0","0","0","0","","0","0","0","91","0","0","4","0","4","99","cricsheet · official","Y","6","⚠ runs 53/54 (cricapi/ESPN)","✓ complete","COMPLETED_FLAGGED","⚠ official revision pending",""
"Match 5 — CK v KR","2026-07-19","CK","ci:355269","Jimmy Neesham","AR","Y","48","36","5","2","133.3","","4","0","2","42","2","10.5","0","0","0","84","70","0","2","-2","4","158","cricsheet · official","Y","7","✓ clean","✓ complete","COMPLETED_FLAGGED","⚠ official revision pending",""
"Match 5 — CK v KR","2026-07-19","CK","ci:1070229","Milan Ratnayake","AR","N","","","","","","","","","","","","","","","","","","","","","","","cricsheet · official","Y","","","✓ complete","COMPLETED_FLAGGED","⚠ official revision pending",""
"Match 5 — CK v KR","2026-07-19","CK","ci:926629","Hasan Mahmud","BOWL","Y","0","0","0","0","","","4","0","14","31","3","7.75","1","0","1","0","124","20","0","0","4","148","cricsheet · official","Y","","✓ clean","✓ complete","COMPLETED_FLAGGED","⚠ official revision pending",""
"Match 5 — CK v KR","2026-07-19","CK","ci:370040","Jeffrey Vandersay","BOWL","N","","","","","","","","","","","","","","","","","","","","","","","cricsheet · official","Y","","","✓ complete","COMPLETED_FLAGGED","⚠ official revision pending",""
"Match 5 — CK v KR","2026-07-19","CK","ci:974109","Mujeeb Ur Rahman","BOWL","Y","0","0","0","0","","","4","0","4","35","0","8.75","0","0","0","0","4","0","0","0","4","8","cricsheet · official","Y","","✓ clean","✓ complete","COMPLETED_FLAGGED","⚠ official revision pending",""
"Match 5 — CK v KR","2026-07-19","CK","ci:629080","Binura Fernando","BOWL","Y","0","0","0","0","","","4","0","7","45","4","11.25","0","0","0","0","143","0","0","-4","4","143","cricsheet · official","Y","","✓ clean","✓ complete","COMPLETED_FLAGGED","⚠ official revision pending",""
"Match 5 — CK v KR","2026-07-19","CK","ci:596097","Rubin Hermann","WK","Y","1","7","0","0","14.3","bowled","","0","0","0","0","","1","0","0","1","0","8","0","0","4","13","cricsheet · official","Y","1","✓ clean","✓ complete","COMPLETED_FLAGGED","⚠ official revision pending",""
"Match 5 — CK v KR","2026-07-19","CK","ci:794713","Kushal Bhurtel","BAT","N","","","","","","","","","","","","","","","","","","","","","","","cricsheet · official","Y","","","✓ complete","COMPLETED_FLAGGED","⚠ official revision pending",""
"Match 5 — CK v KR","2026-07-19","CK","ci:1203995","Shahnawaz Dahani","BOWL","N","","","","","","","","","","","","","","","","","","","","","","","cricsheet · official","Y","","","✓ complete","COMPLETED_FLAGGED","⚠ official revision pending",""
"Match 5 — CK v KR","2026-07-19","CK","ci:931015","Thanuka Dabare","AR","N","","","","","","","","","","","","","","","","","","","","","","","cricsheet · official","Y","","","✓ complete","COMPLETED_FLAGGED","⚠ official revision pending",""
"Match 5 — CK v KR","2026-07-19","CK","ci:1210287","Movin Subasingha","AR","N","","","","","","","","","","","","","","","","","","","","","","","cricsheet · official","Y","","","✓ complete","COMPLETED_FLAGGED","⚠ official revision pending",""
"Match 5 — CK v KR","2026-07-19","CK","ci:1282476","Wanuja Sahan","BOWL","Y","0","0","0","0","","","3","0","8","19","0","6.33","1","0","0","0","8","8","0","2","4","22","cricsheet · official","Y","","✓ clean","✓ complete","COMPLETED_FLAGGED","⚠ official revision pending",""
"Match 5 — CK v KR","2026-07-19","CK","ci:954003","Anthony Pragasam","BOWL","N","","","","","","","","","","","","","","","","","","","","","","","cricsheet · official","Y","","","✓ complete","COMPLETED_FLAGGED","⚠ official revision pending",""
"Match 5 — CK v KR","2026-07-19","CK","ci:1282475","Malsha Tharupathi","BAT","Y","0","0","0","0","","","1","0","1","5","0","5","0","0","0","0","1","0","0","0","4","5","cricsheet · official","Y","","✓ clean","✓ complete","COMPLETED_FLAGGED","⚠ official revision pending",""
"Match 5 — CK v KR","2026-07-19","KR","ci:1161050","Sediqullah Atal","BAT","Y","1","3","0","0","33.3","caught","","0","0","0","0","","0","0","0","1","0","0","0","0","4","5","cricsheet · official","Y","3","✓ clean","✓ complete","COMPLETED_FLAGGED","⚠ official revision pending",""
"Match 5 — CK v KR","2026-07-19","KR","ci:1364325","Vishen Halambage","BAT","N","","","","","","","","","","","","","","","","","","","","","","","cricsheet · official","Y","","","✓ complete","COMPLETED_FLAGGED","⚠ official revision pending",""
"Match 5 — CK v KR","2026-07-19","KR","ci:300631","Kusal Perera","WK","Y","11","6","2","0","183.3","lbw","","0","0","0","0","","0","0","0","19","0","0","0","0","4","23","cricsheet · official","Y","1","✓ clean","✓ complete","COMPLETED_FLAGGED","⚠ official revision pending",""
"Match 5 — CK v KR","2026-07-19","KR","ci:784379","Wanindu Hasaranga","AR","N","","","","","","","","","","","","","","","","","","","","","","","cricsheet · official","Y","","✓ clean","⚠ revised: not in official XI","COMPLETED_FLAGGED","⚠ official revision pending",""
"Match 5 — CK v KR","2026-07-19","KR","ci:49764","Angelo Mathews","AR","Y","45","41","2","2","109.8","caught","3","0","6","21","1","7","0","0","0","69","36","0","0","2","4","111","cricsheet · official","Y","5","✓ clean","✓ complete","COMPLETED_FLAGGED","⚠ official revision pending",""
"Match 5 — CK v KR","2026-07-19","KR","ci:477021","Vijay Shankar","AR","Y","15","9","1","1","166.7","caught","","0","0","0","0","","0","0","0","25","0","0","0","0","4","29","cricsheet · official","Y","7","✓ clean","✓ complete","COMPLETED_FLAGGED","⚠ official revision pending",""
"Match 5 — CK v KR","2026-07-19","KR","ci:8917","Moeen Ali","AR","Y","41","17","1","4","241.2","caught","4","0","10","29","0","7.25","0","0","0","73","10","0","6","0","4","93","cricsheet · official","Y","6","✓ clean","✓ complete","COMPLETED_FLAGGED","⚠ official revision pending",""
"Match 5 — CK v KR","2026-07-19","KR","ci:1253695","Pawan Sandesh","AR","N","","","","","","","","","","","","","","","","","","","","","","","cricsheet · official","Y","","","✓ complete","COMPLETED_FLAGGED","⚠ official revision pending",""
"Match 5 — CK v KR","2026-07-19","KR","ci:826901","Daniel Sams","AR","N","","","","","","","","","","","","","","","","","","","","","","","cricsheet · official","Y","","","✓ complete","COMPLETED_FLAGGED","⚠ official revision pending",""
"Match 5 — CK v KR","2026-07-19","KR","ci:786925","Asitha Fernando","BOWL","Y","0","0","0","0","","","2","0","3","17","0","8.5","0","0","0","0","3","0","0","0","4","7","cricsheet · official","Y","","✓ clean","✓ complete","COMPLETED_FLAGGED","⚠ official revision pending",""
"Match 5 — CK v KR","2026-07-19","KR","ci:1364328","Garuka Sanketh","AR","Y","1","2","0","0","50","caught","2.7","0","2","51","0","19.12","1","0","0","1","2","8","0","-6","4","9","cricsheet · official","Y","10","✓ clean","✓ complete","COMPLETED_FLAGGED","⚠ official revision pending","⚠ official revision"
"Match 5 — CK v KR","2026-07-19","KR","ci:955235","Nuwan Thushara","BOWL","Y","1","1","0","0","100","","4","0","12","22","1","5.5","0","0","0","1","50","0","0","4","4","59","cricsheet · official","Y","11","✓ clean","✓ complete","COMPLETED_FLAGGED","⚠ official revision pending",""
"Match 5 — CK v KR","2026-07-19","KR","ci:712219","Zahir Khan","BOWL","N","","","","","","","","","","","","","","","","","","","","","","","cricsheet · official","Y","","","✓ complete","COMPLETED_FLAGGED","⚠ official revision pending",""
"Match 5 — CK v KR","2026-07-19","KR","ci:949473","Brandon McMullen","AR","N","","","","","","","","","","","","","","","","","","","","","","","cricsheet · official","Y","","","✓ complete","COMPLETED_FLAGGED","⚠ official revision pending",""
"Match 5 — CK v KR","2026-07-19","KR","ci:704693","Lahiru Udara","BAT","Y","53","36","8","1","147.2","lbw","","0","0","0","0","","1","0","0","99","0","8","2","0","4","113","cricsheet · official","Y","2","✓ clean","✓ complete","COMPLETED_FLAGGED","⚠ official revision pending",""
"Match 5 — CK v KR","2026-07-19","KR","ci:721041","Dushan Hemantha","AR","Y","4","2","1","0","200","run out","","0","0","0","0","","0","0","0","8","0","0","0","0","4","12","cricsheet · official","Y","9","✓ clean","✓ complete","COMPLETED_FLAGGED","⚠ official revision pending",""
"Match 5 — CK v KR","2026-07-19","KR","ci:985497","Muditha Lakshan","BOWL","N","","","","","","","","","","","","","","","","","","","","","","","cricsheet · official","Y","","","✓ complete","COMPLETED_FLAGGED","⚠ official revision pending",""
"Match 5 — CK v KR","2026-07-19","KR","ci:823509","Dale Phillips","BAT","Y","1","2","0","0","50","lbw","","0","0","0","0","","0","0","0","1","0","0","0","0","4","5","cricsheet · official","Y","4","✓ clean","✓ complete","COMPLETED_FLAGGED","⚠ official revision pending",""
"Match 5 — CK v KR","2026-07-19","KR","ci:1329936","Sahan Mihira","WK","N","","","","","","","","","","","","","","","","","","","","","","","cricsheet · official","Y","","","✓ complete","COMPLETED_FLAGGED","⚠ official revision pending",""
"Match 5 — CK v KR","2026-07-19","KR","ci:1075869","Isitha Wijesundera","BOWL","N","","","","","","","","","","","","","","","","","","","","","","","cricsheet · official","Y","","","✓ complete","COMPLETED_FLAGGED","⚠ official revision pending",""
"Match 5 — CK v KR","2026-07-19","KR","ci:1072470","Shaheen Shah Afridi","BOWL","N","","","","","","","","","","","","","","","","","","","","","","","cricsheet · official","Y","","","✓ complete","COMPLETED_FLAGGED","⚠ official revision pending",""
"Match 5 — CK v KR","2026-07-19","KR","","PWH de Silva","AR","Y","1","2","0","0","50","bowled","4","0","7","29","2","7.25","1","0","0","1","67","8","0","0","4","80","cricsheet · official","N","8","","✓ complete","COMPLETED_FLAGGED","⚠ official revision pending",""
"Match 6 — DS v KR","2026-07-21","DS","ci:647785","Sahibzada Farhan","BAT","Y","74","45","7","4","164.4","caught","","0","0","0","0","","0","0","0","134","0","0","4","0","4","142","cricsheet · official","Y","1","✓ clean","✓ complete","COMPLETED","",""
"Match 6 — DS v KR","2026-07-21","DS","ci:429754","Niroshan Dickwella","WK","Y","26","23","2","0","113","lbw","","0","0","0","0","","0","0","0","38","0","0","0","0","4","42","cricsheet · official","Y","3","✓ clean","✓ complete","COMPLETED","",""
"Match 6 — DS v KR","2026-07-21","DS","ci:269280","Reeza Hendricks","BAT","Y","27","21","2","1","128.6","caught","","0","0","0","0","","0","0","0","45","0","0","0","0","4","49","cricsheet · official","Y","4","✓ clean","✓ complete","COMPLETED","",""
"Match 6 — DS v KR","2026-07-21","DS","ci:300628","Dinesh Chandimal","BAT","Y","12","7","3","0","171.4","caught","","0","0","0","0","","0","0","0","24","0","0","0","0","4","28","cricsheet · official","Y","2","✓ clean","✓ complete","COMPLETED","",""
"Match 6 — DS v KR","2026-07-21","DS","ci:1171180","Pavan Rathnayake","BAT","Y","3","7","0","0","42.9","caught","","0","0","0","0","","0","0","0","3","0","0","0","0","4","7","cricsheet · official","Y","6","✓ clean","✓ complete","COMPLETED","",""
"Match 6 — DS v KR","2026-07-21","DS","ci:596436","Marques Ackerman","BAT","N","","","","","","","","","","","","","","","","","","","","","","","cricsheet · official","Y","","","✓ complete","COMPLETED","",""
"Match 6 — DS v KR","2026-07-21","DS","ci:629084","Ramesh Mendis","AR","N","","","","","","","","","","","","","","","","","","","","","","","cricsheet · official","Y","","","✓ complete","COMPLETED","",""
"Match 6 — DS v KR","2026-07-21","DS","ci:1379076","Gayana Weerasinghe","BOWL","N","","","","","","","","","","","","","","","","","","","","","","","cricsheet · official","Y","","","✓ complete","COMPLETED","",""
"Match 6 — DS v KR","2026-07-21","DS","ci:1138316","Maheesh Theekshana","BOWL","Y","1","1","0","0","100","","4","0","7","39","1","9.75","1","0","0","1","37","8","0","0","4","50","cricsheet · official","Y","10","✓ clean","✓ complete","COMPLETED","",""
"Match 6 — DS v KR","2026-07-21","DS","ci:574178","Akila Dananjaya","AR","N","","","","","","","","","","","","","","","","","","","","","","","cricsheet · official","Y","","","✓ complete","COMPLETED","",""
"Match 6 — DS v KR","2026-07-21","DS","ci:552152","Dushmantha Chameera","BOWL","Y","2","11","0","0","18.2","","4","0","7","37","1","9.25","0","0","0","2","45","0","0","0","4","51","cricsheet · official","Y","9","✓ clean","✓ complete","COMPLETED","",""
"Match 6 — DS v KR","2026-07-21","DS","ci:352048","Gulbadin Naib","AR","Y","0","1","0","0","0","bowled","1","0","0","14","0","14","0","0","0","-2","0","0","0","0","4","2","cricsheet · official","Y","7","✓ clean","✓ complete","COMPLETED","",""
"Match 6 — DS v KR","2026-07-21","DS","ci:1185538","Mohammad Wasim","BOWL","Y","1","2","0","0","50","bowled","4","0","5","42","1","10.5","0","0","0","1","35","0","0","-2","4","38","cricsheet · official","Y","8","✓ clean","✓ complete","COMPLETED","",""
"Match 6 — DS v KR","2026-07-21","DS","ci:334621","Shadley van Schalkwyk","AR","N","","","","","","","","","","","","","","","","","","","","","","","cricsheet · official","Y","","","✓ complete","COMPLETED","",""
"Match 6 — DS v KR","2026-07-21","DS","ci:974175","Fazalhaq Farooqi","BOWL","Y","0","0","0","0","","","4","1","16","20","2","5","0","0","0","0","88","0","0","4","4","96","cricsheet · official","Y","","✓ clean","✓ complete","COMPLETED","",""
"Match 6 — DS v KR","2026-07-21","DS","ci:792519","Dhananjaya Lakshan","AR","Y","1","2","0","0","50","caught","","0","0","0","0","","2","0","0","1","0","16","0","0","4","21","cricsheet · official","Y","5","✓ clean","✓ complete","COMPLETED","",""
"Match 6 — DS v KR","2026-07-21","DS","ci:727399","Sachitha Jayatilake","WK","N","","","","","","","","","","","","","","","","","","","","","","","cricsheet · official","Y","","","✓ complete","COMPLETED","",""
"Match 6 — DS v KR","2026-07-21","DS","ci:784375","Vishva Kumara","BOWL","Y","0","0","0","0","","","3","0","2","40","1","13.33","1","0","0","0","32","8","0","-6","4","38","cricsheet · official","Y","","✓ clean","✓ complete","COMPLETED","",""
"Match 6 — DS v KR","2026-07-21","KR","ci:1161050","Sediqullah Atal","BAT","N","","","","","","","","","","","","","","","","","","","","","","","cricsheet · official","Y","","","✓ complete","COMPLETED","",""
"Match 6 — DS v KR","2026-07-21","KR","ci:1364325","Vishen Halambage","BAT","Y","7","7","1","0","100","caught","","0","0","0","0","","1","0","0","11","0","8","0","0","4","23","cricsheet · official","Y","2","✓ clean","✓ complete","COMPLETED","",""
"Match 6 — DS v KR","2026-07-21","KR","ci:300631","Kusal Perera","WK","Y","25","20","2","1","125","caught","","0","0","0","0","","0","0","0","43","0","0","0","0","4","47","cricsheet · official","Y","1","✓ clean","✓ complete","COMPLETED","",""
"Match 6 — DS v KR","2026-07-21","KR","ci:784379","Wanindu Hasaranga","AR","N","","","","","","","","","","","","","","","","","","","","","","","cricsheet · official","Y","","✓ clean","⚠ revised: not in official XI","COMPLETED","",""
"Match 6 — DS v KR","2026-07-21","KR","ci:49764","Angelo Mathews","AR","Y","29","19","4","0","152.6","","1","0","3","9","0","9","0","0","0","49","3","0","4","0","4","60","cricsheet · official","Y","6","✓ clean","✓ complete","COMPLETED","",""
"Match 6 — DS v KR","2026-07-21","KR","ci:477021","Vijay Shankar","AR","Y","13","7","2","0","185.7","","1","0","1","11","0","11","0","0","0","21","1","0","0","0","4","26","cricsheet · official","Y","8","✓ clean","✓ complete","COMPLETED","",""
"Match 6 — DS v KR","2026-07-21","KR","ci:8917","Moeen Ali","AR","Y","24","13","1","3","184.6","caught","1","0","0","12","0","12","0","0","0","46","0","0","6","0","4","56","cricsheet · official","Y","4","✓ clean","✓ complete","COMPLETED","",""
"Match 6 — DS v KR","2026-07-21","KR","ci:1253695","Pawan Sandesh","AR","N","","","","","","","","","","","","","","","","","","","","","","","cricsheet · official","Y","","","✓ complete","COMPLETED","",""
"Match 6 — DS v KR","2026-07-21","KR","ci:826901","Daniel Sams","AR","N","","","","","","","","","","","","","","","","","","","","","","","cricsheet · official","Y","","","✓ complete","COMPLETED","",""
"Match 6 — DS v KR","2026-07-21","KR","ci:786925","Asitha Fernando","BOWL","Y","0","0","0","0","","","2","0","7","16","0","8","0","0","0","0","7","0","0","0","4","11","cricsheet · official","Y","","✓ clean","✓ complete","COMPLETED","",""
"Match 6 — DS v KR","2026-07-21","KR","ci:1364328","Garuka Sanketh","AR","N","","","","","","","","","","","","","","","","","","","","","","","cricsheet · official","Y","","","✓ complete","COMPLETED","",""
"Match 6 — DS v KR","2026-07-21","KR","ci:955235","Nuwan Thushara","BOWL","Y","0","0","0","0","","","4","0","11","29","4","7.25","0","0","0","0","155","0","0","0","4","159","cricsheet · official","Y","","✓ clean","✓ complete","COMPLETED","",""
"Match 6 — DS v KR","2026-07-21","KR","ci:712219","Zahir Khan","BOWL","N","","","","","","","","","","","","","","","","","","","","","","","cricsheet · official","Y","","","✓ complete","COMPLETED","",""
"Match 6 — DS v KR","2026-07-21","KR","ci:949473","Brandon McMullen","AR","N","","","","","","","","","","","","","","","","","","","","","","","cricsheet · official","Y","","","✓ complete","COMPLETED","",""
"Match 6 — DS v KR","2026-07-21","KR","ci:704693","Lahiru Udara","BAT","Y","51","34","5","2","150","caught","","0","0","0","0","","1","0","0","91","0","8","2","0","4","105","cricsheet · official","Y","3","✓ clean","✓ complete","COMPLETED","",""
"Match 6 — DS v KR","2026-07-21","KR","ci:721041","Dushan Hemantha","AR","Y","0","0","0","0","","","3","0","7","23","2","7.67","0","0","0","0","75","0","0","0","4","79","cricsheet · official","Y","","✓ clean","✓ complete","COMPLETED","",""
"Match 6 — DS v KR","2026-07-21","KR","ci:985497","Muditha Lakshan","BOWL","N","","","","","","","","","","","","","","","","","","","","","","","cricsheet · official","Y","","","✓ complete","COMPLETED","",""
"Match 6 — DS v KR","2026-07-21","KR","ci:823509","Dale Phillips","BAT","Y","5","5","1","0","100","lbw","","0","0","0","0","","1","0","0","9","0","8","0","0","4","21","cricsheet · official","Y","7","✓ clean","✓ complete","COMPLETED","",""
"Match 6 — DS v KR","2026-07-21","KR","ci:1329936","Sahan Mihira","WK","N","","","","","","","","","","","","","","","","","","","","","","","cricsheet · official","Y","","","✓ complete","COMPLETED","",""
"Match 6 — DS v KR","2026-07-21","KR","ci:1075869","Isitha Wijesundera","BOWL","N","","","","","","","","","","","","","","","","","","","","","","","cricsheet · official","Y","","","✓ complete","COMPLETED","",""
"Match 6 — DS v KR","2026-07-21","KR","ci:1072470","Shaheen Shah Afridi","BOWL","Y","0","0","0","0","","","4","0","11","32","1","8","1","0","0","0","41","8","0","0","4","53","cricsheet · official","Y","","✓ clean","✓ complete","COMPLETED","",""
"Match 6 — DS v KR","2026-07-21","DS","ci:784375","Vishva Kumara","BOWL","N","","","","","","","","","","","","","","","","","","","","","","","cricsheet · official","Y","","✓ clean","✓ complete","COMPLETED","",""
"Match 6 — DS v KR","2026-07-21","KR","","PWH de Silva","AR","Y","29","15","2","2","193.3","caught","4","0","7","19","1","4.75","1","0","0","53","37","8","6","6","4","114","cricsheet · official","N","5","","✓ complete","COMPLETED","",""
"Match 7 — JK v CK","2026-07-22","JK","ci:784369","Avishka Fernando","BAT","Y","34","28","3","1","121.4","bowled","","0","0","0","0","","1","0","0","56","0","8","0","0","4","68","cricsheet · official","Y","1","✓ clean","✓ complete","COMPLETED_FLAGGED","⚠ official revision pending",""
"Match 7 — JK v CK","2026-07-22","JK","ci:1075863","Kamil Mishara","WK","Y","39","30","7","0","130","lbw","","0","0","0","0","","0","0","0","71","0","0","2","0","4","77","cricsheet · official","Y","2","✓ clean","✓ complete","COMPLETED_FLAGGED","⚠ official revision pending",""
"Match 7 — JK v CK","2026-07-22","JK","ci:921509","Ibrahim Zadran","BAT","Y","19","17","2","0","111.8","caught","","0","0","0","0","","0","0","0","27","0","0","0","0","4","31","cricsheet · official","Y","4","✓ clean","✓ complete","COMPLETED_FLAGGED","⚠ official revision pending",""
"Match 7 — JK v CK","2026-07-22","JK","ci:342619","Bhanuka Rajapaksa","BAT","Y","0","2","0","0","0","bowled","","0","0","0","0","","0","0","0","-2","0","0","0","0","4","2","cricsheet · official","Y","5","✓ clean","✓ complete","COMPLETED_FLAGGED","⚠ official revision pending",""
"Match 7 — JK v CK","2026-07-22","JK","ci:56143","Shakib Al Hasan","AR","Y","10","5","1","0","200","","2","0","1","19","1","9.5","0","0","0","14","31","0","0","0","4","49","cricsheet · official","Y","8","✓ clean","✓ complete","COMPLETED_FLAGGED","⚠ official revision pending",""
"Match 7 — JK v CK","2026-07-22","JK","ci:1152427","Dunith Wellalage","AR","Y","19","13","2","1","146.2","bowled","3","0","4","33","1","11","1","0","0","33","34","8","2","-2","4","79","cricsheet · official","Y","6","✓ clean","✓ complete","COMPLETED_FLAGGED","⚠ official revision pending",""
"Match 7 — JK v CK","2026-07-22","JK","ci:1186658","Chamindu Wickramasinghe","AR","Y","43","22","4","2","195.5","bowled","","0","0","0","0","","1","0","0","75","0","8","6","0","4","93","cricsheet · official","Y","3","✓ clean","✓ complete","COMPLETED_FLAGGED","⚠ official revision pending",""
"Match 7 — JK v CK","2026-07-22","JK","ci:1282477","Traveen Mathews","AR","N","","","","","","","","","","","","","","","","","","","","","","","cricsheet · official","Y","","✓ clean","⚠ revised: not in official XI","COMPLETED_FLAGGED","⚠ official revision pending",""
"Match 7 — JK v CK","2026-07-22","JK","ci:538506","Taskin Ahmed","BOWL","N","","","","","","","","","","","","","","","","","","","","","","","cricsheet · official","Y","","","✓ complete","COMPLETED_FLAGGED","⚠ official revision pending",""
"Match 7 — JK v CK","2026-07-22","JK","ci:221140","David Wiese","AR","Y","3","4","0","0","75","","1","0","1","10","0","10","0","0","0","3","1","0","0","0","4","8","cricsheet · official","Y","7","✓ clean","✓ complete","COMPLETED_FLAGGED","⚠ official revision pending",""
"Match 7 — JK v CK","2026-07-22","JK","ci:1462402","Kugathas Mathulan","BOWL","N","","","","","","","","","","","","","","","","","","","","","","","cricsheet · official","Y","","","✓ complete","COMPLETED_FLAGGED","⚠ official revision pending",""
"Match 7 — JK v CK","2026-07-22","JK","ci:793007","Dilshan Madushanka","BOWL","Y","0","0","0","0","","","3","0","11","12","2","4","1","0","0","0","87","8","0","6","4","105","cricsheet · official","Y","","✓ clean","✓ complete","COMPLETED_FLAGGED","⚠ official revision pending",""
"Match 7 — JK v CK","2026-07-22","JK","ci:1126045","Nishan Madushka","BAT","N","","","","","","","","","","","","","","","","","","","","","","","cricsheet · official","Y","","","✓ complete","COMPLETED_FLAGGED","⚠ official revision pending",""
"Match 7 — JK v CK","2026-07-22","JK","ci:960361","Sandeep Lamichhane","BOWL","N","","","","","","","","","","","","","","","","","","","","","","","cricsheet · official","Y","","","✓ complete","COMPLETED_FLAGGED","⚠ official revision pending",""
"Match 7 — JK v CK","2026-07-22","JK","ci:32966","Piyush Chawla","BOWL","N","","","","","","","","","","","","","","","","","","","","","","","cricsheet · official","Y","","","✓ complete","COMPLETED_FLAGGED","⚠ official revision pending",""
"Match 7 — JK v CK","2026-07-22","JK","ci:384525","Zahoor Khan","BOWL","Y","0","0","0","0","","","3","0","1","39","0","13","1","0","0","0","1","8","0","-6","4","7","cricsheet · official","Y","","✓ clean","✓ complete","COMPLETED_FLAGGED","⚠ official revision pending",""
"Match 7 — JK v CK","2026-07-22","JK","ci:379887","Lizaad Williams","BOWL","Y","0","0","0","0","","","4","0","10","30","3","7.5","0","0","0","0","112","0","0","0","4","116","cricsheet · official","Y","","✓ clean","✓ complete","COMPLETED_FLAGGED","⚠ official revision pending","⚠ official revision"
"Match 7 — JK v CK","2026-07-22","JK","ci:1074333","Nuwanidu Fernando","BAT","N","","","","","","","","","","","","","","","","","","","","","","","cricsheet · official","Y","","","✓ complete","COMPLETED_FLAGGED","⚠ official revision pending",""
"Match 7 — JK v CK","2026-07-22","JK","ci:801817","Mohommed Shiraz","BOWL","N","","","","","","","","","","","","","","","","","","","","","","","cricsheet · official","Y","","","✓ complete","COMPLETED_FLAGGED","⚠ official revision pending",""
"Match 7 — JK v CK","2026-07-22","JK","ci:1439495","Praveen Manisha","BAT","N","","","","","","","","","","","","","","","","","","","","","","","cricsheet · official","Y","","","✓ complete","COMPLETED_FLAGGED","⚠ official revision pending",""
"Match 7 — JK v CK","2026-07-22","CK","ci:1393938","Sharujan Shanmuganathan","BAT","Y","26","17","3","0","152.9","caught","","0","0","0","0","","0","0","0","42","0","0","4","0","4","50","cricsheet · official","Y","6","✓ clean","✓ complete","COMPLETED_FLAGGED","⚠ official revision pending",""
"Match 7 — JK v CK","2026-07-22","CK","ci:629074","Kusal Mendis","WK","N","","","","","","","","","","","","","","","","","","","","","","","cricsheet · official","Y","","","✓ complete","COMPLETED_FLAGGED","⚠ official revision pending",""
"Match 7 — JK v CK","2026-07-22","CK","ci:629076","Sadeera Samarawickrama","BAT","Y","4","7","0","0","57.1","lbw","","0","0","0","0","","0","0","0","4","0","0","0","0","4","8","cricsheet · official","Y","3","✓ clean","✓ complete","COMPLETED_FLAGGED","⚠ official revision pending",""
"Match 7 — JK v CK","2026-07-22","CK","ci:784373","Kamindu Mendis","AR","Y","58","42","3","2","138.1","caught","","0","0","0","0","","1","0","0","90","0","8","2","0","4","104","cricsheet · official","Y","4","✓ clean","✓ complete","COMPLETED_FLAGGED","⚠ official revision pending",""
"Match 7 — JK v CK","2026-07-22","CK","ci:603410","Ben McDermott","BAT","Y","5","6","0","0","83.3","caught","","0","0","0","0","","0","0","0","5","0","0","0","0","4","9","cricsheet · official","Y","5","✓ clean","✓ complete","COMPLETED_FLAGGED","⚠ official revision pending",""
"Match 7 — JK v CK","2026-07-22","CK","ci:681681","Janith Liyanage","BAT","N","","","","","","","","","","","","","","","","","","","","","","","cricsheet · official","Y","","","✓ complete","COMPLETED_FLAGGED","⚠ official revision pending",""
"Match 7 — JK v CK","2026-07-22","CK","ci:355269","Jimmy Neesham","AR","N","","","","","","","","","","","","","","","","","","","","","","","cricsheet · official","Y","","","✓ complete","COMPLETED_FLAGGED","⚠ official revision pending",""
"Match 7 — JK v CK","2026-07-22","CK","ci:1070229","Milan Ratnayake","AR","N","","","","","","","","","","","","","","","","","","","","","","","cricsheet · official","Y","","✓ clean","⚠ revised: not in official XI","COMPLETED_FLAGGED","⚠ official revision pending",""
"Match 7 — JK v CK","2026-07-22","CK","ci:926629","Hasan Mahmud","BOWL","Y","1","3","0","0","33.3","bowled","4","0","9","39","0","9.75","0","0","0","1","9","0","0","0","4","14","cricsheet · official","Y","10","✓ clean","✓ complete","COMPLETED_FLAGGED","⚠ official revision pending","⚠ official revision"
"Match 7 — JK v CK","2026-07-22","CK","ci:370040","Jeffrey Vandersay","BOWL","N","","","","","","","","","","","","","","","","","","","","","","","cricsheet · official","Y","","","✓ complete","COMPLETED_FLAGGED","⚠ official revision pending",""
"Match 7 — JK v CK","2026-07-22","CK","ci:974109","Mujeeb Ur Rahman","BOWL","Y","0","0","0","0","","","4","0","8","33","2","8.25","0","0","0","0","76","0","0","0","4","80","cricsheet · official","Y","","✓ clean","✓ complete","COMPLETED_FLAGGED","⚠ official revision pending",""
"Match 7 — JK v CK","2026-07-22","CK","ci:629080","Binura Fernando","BOWL","N","","","","","","","","","","","","","","","","","","","","","","","cricsheet · official","Y","","","✓ complete","COMPLETED_FLAGGED","⚠ official revision pending",""
"Match 7 — JK v CK","2026-07-22","CK","ci:596097","Rubin Hermann","WK","Y","1","7","0","0","14.3","bowled","","0","0","0","0","","0","0","0","1","0","0","0","0","4","5","cricsheet · official","Y","1","✓ clean","✓ complete","COMPLETED_FLAGGED","⚠ official revision pending",""
"Match 7 — JK v CK","2026-07-22","CK","ci:794713","Kushal Bhurtel","BAT","N","","","","","","","","","","","","","","","","","","","","","","","cricsheet · official","Y","","","✓ complete","COMPLETED_FLAGGED","⚠ official revision pending",""
"Match 7 — JK v CK","2026-07-22","CK","ci:1203995","Shahnawaz Dahani","BOWL","Y","2","3","0","0","66.7","","4","0","11","25","2","6.25","0","0","0","2","87","0","0","2","4","95","cricsheet · official","Y","11","✓ clean","✓ complete","COMPLETED_FLAGGED","⚠ official revision pending",""
"Match 7 — JK v CK","2026-07-22","CK","ci:931015","Thanuka Dabare","AR","Y","1","4","0","0","25","lbw","","0","0","0","0","","0","0","0","1","0","0","0","0","4","5","cricsheet · official","Y","2","✓ clean","✓ complete","COMPLETED_FLAGGED","⚠ official revision pending",""
"Match 7 — JK v CK","2026-07-22","CK","ci:1210287","Movin Subasingha","AR","Y","6","8","0","0","75","caught","2","0","1","27","0","13.5","0","0","0","6","1","0","0","-6","4","5","cricsheet · official","Y","7","✓ clean","✓ complete","COMPLETED_FLAGGED","⚠ official revision pending",""
"Match 7 — JK v CK","2026-07-22","CK","ci:1282476","Wanuja Sahan","BOWL","Y","35","15","6","1","233.3","","2","0","3","10","1","5","0","0","0","69","41","0","0","4","4","118","cricsheet · official","Y","9","⚠ runs 35/34 (cricapi/ESPN)","✓ complete","COMPLETED_FLAGGED","⚠ official revision pending","⚠ official revision"
"Match 7 — JK v CK","2026-07-22","CK","ci:954003","Anthony Pragasam","BOWL","N","","","","","","","","","","","","","","","","","","","","","","","cricsheet · official","Y","","","✓ complete","COMPLETED_FLAGGED","⚠ official revision pending",""
"Match 7 — JK v CK","2026-07-22","CK","ci:1282475","Malsha Tharupathi","BAT","N","","","","","","","","","","","","","","","","","","","","","","","cricsheet · official","Y","","","✓ complete","COMPLETED_FLAGGED","⚠ official revision pending",""
"Match 7 — JK v CK","2026-07-22","JK","ci:990031","Towhid Hridoy","BAT","N","","","","","","","","","","","","","","","","","","","","","","","cricsheet · official","Y","","","✓ complete","COMPLETED_FLAGGED","⚠ official revision pending",""
"Match 7 — JK v CK","2026-07-22","JK","","T Mathew","AR","Y","0","0","0","0","","","4","0","14","21","2","5.25","0","0","0","0","82","0","0","4","4","90","cricsheet · official","N","","","✓ complete","COMPLETED_FLAGGED","⚠ official revision pending",""
"Match 7 — JK v CK","2026-07-22","CK","","RMMP Rathnayake","AR","Y","15","8","1","1","187.5","caught","4","0","9","40","1","10","0","0","0","25","47","0","0","-2","4","74","cricsheet · official","N","8","","✓ complete","COMPLETED_FLAGGED","⚠ official revision pending",""
"Match 8 — DS v GG","2026-07-22","DS","ci:647785","Sahibzada Farhan","BAT","Y","13","8","2","0","162.5","caught","","0","0","0","0","","0","0","0","21","0","0","0","0","4","25","cricsheet · official","Y","2","✓ clean","✓ complete","COMPLETED_FLAGGED","⚠ official revision pending",""
"Match 8 — DS v GG","2026-07-22","DS","ci:429754","Niroshan Dickwella","WK","Y","14","11","2","0","127.3","caught","","0","0","0","0","","1","0","0","22","0","8","0","0","4","34","cricsheet · official","Y","1","✓ clean","✓ complete","COMPLETED_FLAGGED","⚠ official revision pending",""
"Match 8 — DS v GG","2026-07-22","DS","ci:269280","Reeza Hendricks","BAT","Y","64","37","9","1","173","","","0","0","0","0","","1","0","0","114","0","8","6","0","4","132","cricsheet · official","Y","3","✓ clean","✓ complete","COMPLETED_FLAGGED","⚠ official revision pending",""
"Match 8 — DS v GG","2026-07-22","DS","ci:300628","Dinesh Chandimal","BAT","N","","","","","","","","","","","","","","","","","","","","","","","cricsheet · official","Y","","","✓ complete","COMPLETED_FLAGGED","⚠ official revision pending",""
"Match 8 — DS v GG","2026-07-22","DS","ci:1171180","Pavan Rathnayake","BAT","Y","29","11","2","3","263.6","bowled","","0","0","0","0","","1","0","0","59","0","8","6","0","4","77","cricsheet · official","Y","4","✓ clean","✓ complete","COMPLETED_FLAGGED","⚠ official revision pending",""
"Match 8 — DS v GG","2026-07-22","DS","ci:596436","Marques Ackerman","BAT","Y","36","25","1","2","144","caught","3","0","8","0","2","0","1","0","0","56","68","8","2","6","4","144","cricsheet · official","Y","5","⚠ runs 0/36; wkts 0/2; 4s 0/1; 6s 0/2 (cricapi/ESPN)","⚠ revised: runs 0→36; wkts 0→2; 4s 0→1; 6s 0→2","COMPLETED_FLAGGED","⚠ official revision pending","⚠ official revision"
"Match 8 — DS v GG","2026-07-22","DS","ci:629084","Ramesh Mendis","AR","Y","0","0","0","0","","","","0","0","0","0","","0","0","0","0","0","0","0","0","4","4","cricsheet · official","Y","","","✓ complete","COMPLETED_FLAGGED","⚠ official revision pending",""
"Match 8 — DS v GG","2026-07-22","DS","ci:1379076","Gayana Weerasinghe","BOWL","N","","","","","","","","","","","","","","","","","","","","","","","cricsheet · official","Y","","","✓ complete","COMPLETED_FLAGGED","⚠ official revision pending",""
"Match 8 — DS v GG","2026-07-22","DS","ci:1138316","Maheesh Theekshana","BOWL","Y","0","0","0","0","","","3","0","6","29","1","9.67","1","0","0","0","36","8","0","0","4","48","cricsheet · official","Y","","✓ clean","✓ complete","COMPLETED_FLAGGED","⚠ official revision pending",""
"Match 8 — DS v GG","2026-07-22","DS","ci:574178","Akila Dananjaya","AR","N","","","","","","","","","","","","","","","","","","","","","","","cricsheet · official","Y","","","✓ complete","COMPLETED_FLAGGED","⚠ official revision pending",""
"Match 8 — DS v GG","2026-07-22","DS","ci:552152","Dushmantha Chameera","BOWL","Y","0","0","0","0","","","4","0","8","36","0","9","0","0","0","0","8","0","0","0","4","12","cricsheet · official","Y","","✓ clean","✓ complete","COMPLETED_FLAGGED","⚠ official revision pending",""
"Match 8 — DS v GG","2026-07-22","DS","ci:352048","Gulbadin Naib","AR","Y","20","6","0","3","333.3","","3","0","5","23","1","7.67","0","0","0","38","43","0","0","0","4","85","cricsheet · official","Y","6","✓ clean","✓ complete","COMPLETED_FLAGGED","⚠ official revision pending",""
"Match 8 — DS v GG","2026-07-22","DS","ci:1185538","Mohammad Wasim","BOWL","N","","","","","","","","","","","","","","","","","","","","","","","cricsheet · official","Y","","","✓ complete","COMPLETED_FLAGGED","⚠ official revision pending",""
"Match 8 — DS v GG","2026-07-22","DS","ci:334621","Shadley van Schalkwyk","AR","N","","","","","","","","","","","","","","","","","","","","","","","cricsheet · official","Y","","","✓ complete","COMPLETED_FLAGGED","⚠ official revision pending",""
"Match 8 — DS v GG","2026-07-22","DS","ci:974175","Fazalhaq Farooqi","BOWL","Y","0","0","0","0","","","4","0","9","39","3","9.75","0","0","0","0","103","0","0","0","4","107","cricsheet · official","Y","","✓ clean","✓ complete","COMPLETED_FLAGGED","⚠ official revision pending",""
"Match 8 — DS v GG","2026-07-22","DS","ci:792519","Dhananjaya Lakshan","AR","N","","","","","","","","","","","","","","","","","","","","","","","cricsheet · official","Y","","","✓ complete","COMPLETED_FLAGGED","⚠ official revision pending",""
"Match 8 — DS v GG","2026-07-22","DS","ci:727399","Sachitha Jayatilake","WK","Y","0","0","0","0","","","","0","0","0","0","","1","0","0","0","0","8","0","0","4","12","cricsheet · official","Y","","✓ clean","✓ complete","COMPLETED_FLAGGED","⚠ official revision pending",""
"Match 8 — DS v GG","2026-07-22","DS","ci:784375","Vishva Kumara","BOWL","Y","0","0","0","0","","","3","0","8","20","1","6.67","1","0","0","0","38","8","0","2","4","52","cricsheet · official","Y","","✓ clean","✓ complete","COMPLETED_FLAGGED","⚠ official revision pending",""
"Match 8 — DS v GG","2026-07-22","GG","ci:1027867","Lasith Croospulle","BAT","Y","12","11","2","0","109.1","caught","","0","0","0","0","","0","0","0","20","0","0","0","0","4","24","cricsheet · official","Y","1","✓ clean","✓ complete","COMPLETED_FLAGGED","⚠ official revision pending",""
"Match 8 — DS v GG","2026-07-22","GG","ci:326637","Chris Lynn","BAT","N","","","","","","","","","","","","","","","","","","","","","","","cricsheet · official","Y","","","✓ complete","COMPLETED_FLAGGED","⚠ official revision pending",""
"Match 8 — DS v GG","2026-07-22","GG","ci:536936","Litton Das","WK","N","","","","","","","","","","","","","","","","","","","","","","","cricsheet · official","Y","","","✓ complete","COMPLETED_FLAGGED","⚠ official revision pending",""
"Match 8 — DS v GG","2026-07-22","GG","ci:784367","Charith Asalanka","BAT","Y","25","19","2","1","131.6","caught and bowled","1","0","1","8","0","8","0","0","0","43","1","0","2","0","4","50","cricsheet · official","Y","3","✓ clean","✓ complete","COMPLETED_FLAGGED","⚠ official revision pending",""
"Match 8 — DS v GG","2026-07-22","GG","ci:348148","Mohammad Nawaz","AR","Y","2","3","0","0","66.7","caught","3","0","4","40","1","13.33","0","0","0","2","34","0","0","-6","4","34","cricsheet · official","Y","7","✓ clean","✓ complete","COMPLETED_FLAGGED","⚠ official revision pending",""
"Match 8 — DS v GG","2026-07-22","GG","ci:437316","Dasun Shanaka","AR","Y","20","10","1","2","200","caught","2","0","3","18","1","9","0","0","0","36","33","0","6","0","4","79","cricsheet · official","Y","6","✓ clean","✓ complete","COMPLETED_FLAGGED","⚠ official revision pending",""
"Match 8 — DS v GG","2026-07-22","GG","ci:623695","Chamika Karunaratne","AR","Y","45","30","4","2","150","caught","1","0","2","7","1","7","2","0","0","77","32","16","2","0","4","131","cricsheet · official","Y","4","✓ clean","✓ complete","COMPLETED_FLAGGED","⚠ official revision pending",""
"Match 8 — DS v GG","2026-07-22","GG","ci:1364326","Dinura Kalupahana","BOWL","Y","2","2","0","0","100","","0.2","0","0","7","0","42","0","0","0","2","0","0","0","0","4","6","cricsheet · official","Y","9","✓ clean","✓ complete","COMPLETED_FLAGGED","⚠ official revision pending",""
"Match 8 — DS v GG","2026-07-22","GG","ci:826689","Pramod Madushan","BOWL","N","","","","","","","","","","","","","","","","","","","","","","","cricsheet · official","Y","","","✓ complete","COMPLETED_FLAGGED","⚠ official revision pending",""
"Match 8 — DS v GG","2026-07-22","GG","ci:1306214","Eshan Malinga","BOWL","Y","0","0","0","0","","","2","0","4","35","1","17.5","0","0","0","0","42","0","0","-6","4","40","cricsheet · official","Y","","✓ clean","✓ complete","COMPLETED_FLAGGED","⚠ official revision pending",""
"Match 8 — DS v GG","2026-07-22","GG","ci:1153149","Vijayakanth Viyaskanth","BOWL","Y","0","0","0","0","","","4","0","6","30","0","7.5","0","0","0","0","6","0","0","0","4","10","cricsheet · official","Y","","✓ clean","✓ complete","COMPLETED_FLAGGED","⚠ official revision pending",""
"Match 8 — DS v GG","2026-07-22","GG","ci:629063","Mehidy Hasan Miraz","AR","Y","16","13","2","0","123.1","caught","2","0","2","21","0","10.5","0","0","0","24","2","0","0","-2","4","28","cricsheet · official","Y","8","✓ clean","✓ complete","COMPLETED_FLAGGED","⚠ official revision pending",""
"Match 8 — DS v GG","2026-07-22","GG","ci:772361","Sam Harper","WK","Y","40","22","3","3","181.8","bowled","","0","0","0","0","","0","0","0","74","0","0","6","0","4","84","cricsheet · official","Y","2","✓ clean","✓ complete","COMPLETED_FLAGGED","⚠ official revision pending",""
"Match 8 — DS v GG","2026-07-22","GG","ci:633660","Virandeep Singh","AR","N","","","","","","","","","","","","","","","","","","","","","","","cricsheet · official","Y","","","✓ complete","COMPLETED_FLAGGED","⚠ official revision pending",""
"Match 8 — DS v GG","2026-07-22","GG","ci:1203669","Akif Javed","BOWL","Y","0","0","0","0","","","1","0","2","12","0","12","0","0","0","0","2","0","0","0","4","6","cricsheet · official","Y","","✓ clean","✓ complete","COMPLETED_FLAGGED","⚠ official revision pending",""
"Match 8 — DS v GG","2026-07-22","GG","ci:499594","Kasun Rajitha","BOWL","N","","","","","","","","","","","","","","","","","","","","","","","cricsheet · official","Y","","","✓ complete","COMPLETED_FLAGGED","⚠ official revision pending",""
"Match 8 — DS v GG","2026-07-22","GG","ci:693975","Sahan Arachchige","AR","Y","6","10","0","0","60","caught","","0","0","0","0","","1","0","0","6","0","8","-2","0","4","16","cricsheet · official","Y","5","✓ clean","✓ complete","COMPLETED_FLAGGED","⚠ official revision pending",""
"Match 8 — DS v GG","2026-07-22","GG","ci:950405","Tharindu Rathnayake","BOWL","N","","","","","","","","","","","","","","","","","","","","","","","cricsheet · official","Y","","","✓ complete","COMPLETED_FLAGGED","⚠ official revision pending",""
"Match 8 — DS v GG","2026-07-22","GG","ci:1175296","Sachindu Colombage","AR","N","","","","","","","","","","","","","","","","","","","","","","","cricsheet · official","Y","","","✓ complete","COMPLETED_FLAGGED","⚠ official revision pending",""
"Match 8 — DS v GG","2026-07-22","GG","ci:1437704","Uri Koththigoda","BOWL","N","","","","","","","","","","","","","","","","","","","","","","","cricsheet · official","Y","","","✓ complete","COMPLETED_FLAGGED","⚠ official revision pending",""
"Match 8 — DS v GG","2026-07-22","DS","ci:784375","Vishva Kumara","BOWL","N","","","","","","","","","","","","","","","","","","","","","","","cricsheet · official","Y","","✓ clean","✓ complete","COMPLETED_FLAGGED","⚠ official revision pending",""
"Match 8 — DS v GG","2026-07-22","GG","ci:410765","Nurul Hasan","BAT","N","","","","","","","","","","","","","","","","","","","","","","","cricsheet · official","Y","","","✓ complete","COMPLETED_FLAGGED","⚠ official revision pending",""
"Match 8 — DS v GG","2026-07-22","GG","ci:1070229","Milan Ratnayake","BOWL","N","","","","","","","","","","","","","","","","","","","","","","","cricsheet · official","Y","","","✓ complete","COMPLETED_FLAGGED","⚠ official revision pending",""
"Match 9 — KR v CK","2026-07-23","KR","ci:1161050","Sediqullah Atal","BAT","N","","","","","","","","","","","","","","","","","","","","","","","cricsheet · official","Y","","","✓ complete","COMPLETED_FLAGGED","⚠ official revision pending",""
"Match 9 — KR v CK","2026-07-23","KR","ci:1364325","Vishen Halambage","BAT","N","","","","","","","","","","","","","","","","","","","","","","","cricsheet · official","Y","","","✓ complete","COMPLETED_FLAGGED","⚠ official revision pending",""
"Match 9 — KR v CK","2026-07-23","KR","ci:300631","Kusal Perera","WK","Y","19","14","4","0","135.7","lbw","","0","0","0","0","","0","0","0","35","0","0","2","0","4","41","cricsheet · official","Y","1","✓ clean","✓ complete","COMPLETED_FLAGGED","⚠ official revision pending",""
"Match 9 — KR v CK","2026-07-23","KR","ci:784379","Wanindu Hasaranga","AR","N","","","","","","","","","","","","","","","","","","","","","","","cricsheet · official","Y","","✓ clean","⚠ revised: not in official XI","COMPLETED_FLAGGED","⚠ official revision pending",""
"Match 9 — KR v CK","2026-07-23","KR","ci:49764","Angelo Mathews","AR","Y","39","24","5","1","162.5","","0.5","0","1","5","0","10","0","0","0","69","1","0","4","0","4","78","cricsheet · official","Y","9","✓ clean","✓ complete","COMPLETED_FLAGGED","⚠ official revision pending",""
"Match 9 — KR v CK","2026-07-23","KR","ci:477021","Vijay Shankar","AR","Y","30","23","1","2","130.4","caught","0.5","0","3","0","1","0","1","0","0","50","33","8","2","0","4","97","cricsheet · official","Y","7","✓ clean","✓ complete","COMPLETED_FLAGGED","⚠ official revision pending",""
"Match 9 — KR v CK","2026-07-23","KR","ci:8917","Moeen Ali","AR","Y","1","4","0","0","25","run out","3","0","4","31","2","10.33","0","0","0","1","64","0","0","-2","4","67","cricsheet · official","Y","5","✓ clean","✓ complete","COMPLETED_FLAGGED","⚠ official revision pending",""
"Match 9 — KR v CK","2026-07-23","KR","ci:1253695","Pawan Sandesh","AR","Y","8","6","1","0","133.3","bowled","","0","0","0","0","","0","0","0","12","0","0","0","0","4","16","cricsheet · official","Y","4","✓ clean","✓ complete","COMPLETED_FLAGGED","⚠ official revision pending",""
"Match 9 — KR v CK","2026-07-23","KR","ci:826901","Daniel Sams","AR","N","","","","","","","","","","","","","","","","","","","","","","","cricsheet · official","Y","","","✓ complete","COMPLETED_FLAGGED","⚠ official revision pending",""
"Match 9 — KR v CK","2026-07-23","KR","ci:786925","Asitha Fernando","BOWL","Y","0","0","0","0","","","2","0","2","33","0","16.5","0","0","0","0","2","0","0","-6","4","0","cricsheet · official","Y","","✓ clean","✓ complete","COMPLETED_FLAGGED","⚠ official revision pending",""
"Match 9 — KR v CK","2026-07-23","KR","ci:1364328","Garuka Sanketh","AR","N","","","","","","","","","","","","","","","","","","","","","","","cricsheet · official","Y","","","✓ complete","COMPLETED_FLAGGED","⚠ official revision pending",""
"Match 9 — KR v CK","2026-07-23","KR","ci:955235","Nuwan Thushara","BOWL","Y","0","0","0","0","","","4","0","8","31","1","7.75","0","0","1","0","46","6","0","0","4","56","cricsheet · official","Y","","✓ clean","✓ complete","COMPLETED_FLAGGED","⚠ official revision pending",""
"Match 9 — KR v CK","2026-07-23","KR","ci:712219","Zahir Khan","BOWL","N","","","","","","","","","","","","","","","","","","","","","","","cricsheet · official","Y","","","✓ complete","COMPLETED_FLAGGED","⚠ official revision pending",""
"Match 9 — KR v CK","2026-07-23","KR","ci:949473","Brandon McMullen","AR","N","","","","","","","","","","","","","","","","","","","","","","","cricsheet · official","Y","","","✓ complete","COMPLETED_FLAGGED","⚠ official revision pending",""
"Match 9 — KR v CK","2026-07-23","KR","ci:704693","Lahiru Udara","BAT","Y","4","4","1","0","100","caught","","0","0","0","0","","2","1","1","8","0","34","0","0","4","46","cricsheet · official","Y","2","✓ clean","✓ complete","COMPLETED_FLAGGED","⚠ official revision pending",""
"Match 9 — KR v CK","2026-07-23","KR","ci:721041","Dushan Hemantha","AR","Y","11","6","0","1","183.3","","2","0","5","20","2","10","0","0","0","17","65","0","0","-2","4","84","cricsheet · official","Y","10","✓ clean","✓ complete","COMPLETED_FLAGGED","⚠ official revision pending",""
"Match 9 — KR v CK","2026-07-23","KR","ci:985497","Muditha Lakshan","BOWL","N","","","","","","","","","","","","","","","","","","","","","","","cricsheet · official","Y","","","⚠ revised: not in official XI","COMPLETED_FLAGGED","⚠ official revision pending",""
"Match 9 — KR v CK","2026-07-23","KR","ci:823509","Dale Phillips","BAT","Y","38","27","6","1","140.7","caught","","0","0","0","0","","0","0","0","72","0","0","2","0","4","78","cricsheet · official","Y","3","✓ clean","✓ complete","COMPLETED_FLAGGED","⚠ official revision pending",""
"Match 9 — KR v CK","2026-07-23","KR","ci:1329936","Sahan Mihira","WK","N","","","","","","","","","","","","","","","","","","","","","","","cricsheet · official","Y","","","✓ complete","COMPLETED_FLAGGED","⚠ official revision pending",""
"Match 9 — KR v CK","2026-07-23","KR","ci:1075869","Isitha Wijesundera","BOWL","N","","","","","","","","","","","","","","","","","","","","","","","cricsheet · official","Y","","","✓ complete","COMPLETED_FLAGGED","⚠ official revision pending",""
"Match 9 — KR v CK","2026-07-23","KR","ci:1072470","Shaheen Shah Afridi","BOWL","Y","5","7","0","0","71.4","caught","4","0","9","34","2","8.5","0","0","0","5","77","0","0","0","4","86","cricsheet · official","Y","8","✓ clean","✓ complete","COMPLETED_FLAGGED","⚠ official revision pending",""
"Match 9 — KR v CK","2026-07-23","CK","ci:1393938","Sharujan Shanmuganathan","BAT","Y","14","6","0","2","233.3","caught","","0","0","0","0","","2","0","0","26","0","16","0","0","4","46","cricsheet · official","Y","5","✓ clean","✓ complete","COMPLETED_FLAGGED","⚠ official revision pending",""
"Match 9 — KR v CK","2026-07-23","CK","ci:629074","Kusal Mendis","WK","N","","","","","","","","","","","","","","","","","","","","","","","cricsheet · official","Y","","","✓ complete","COMPLETED_FLAGGED","⚠ official revision pending",""
"Match 9 — KR v CK","2026-07-23","CK","ci:629076","Sadeera Samarawickrama","BAT","Y","1","3","0","0","33.3","stumped","","0","0","0","0","","0","0","1","1","0","6","0","0","4","11","cricsheet · official","Y","4","✓ clean","✓ complete","COMPLETED_FLAGGED","⚠ official revision pending",""
"Match 9 — KR v CK","2026-07-23","CK","ci:784373","Kamindu Mendis","AR","Y","1","4","0","0","25","bowled","","0","0","0","0","","1","0","1","1","0","14","0","0","4","19","cricsheet · official","Y","3","✓ clean","✓ complete","COMPLETED_FLAGGED","⚠ official revision pending",""
"Match 9 — KR v CK","2026-07-23","CK","ci:603410","Ben McDermott","BAT","Y","4","3","1","0","133.3","caught","","0","0","0","0","","0","0","0","8","0","0","0","0","4","12","cricsheet · official","Y","2","✓ clean","✓ complete","COMPLETED_FLAGGED","⚠ official revision pending",""
"Match 9 — KR v CK","2026-07-23","CK","ci:681681","Janith Liyanage","BAT","Y","52","33","3","2","157.6","","0.8","0","0","20","0","24","0","0","0","84","0","0","4","0","4","92","cricsheet · official","Y","6","✓ clean","✓ complete","COMPLETED_FLAGGED","⚠ official revision pending","⚠ official revision"
"Match 9 — KR v CK","2026-07-23","CK","ci:355269","Jimmy Neesham","AR","Y","24","10","2","2","240","caught","2","0","5","7","1","3.5","0","0","0","44","35","0","6","6","4","95","cricsheet · official","Y","7","✓ clean","✓ complete","COMPLETED_FLAGGED","⚠ official revision pending",""
"Match 9 — KR v CK","2026-07-23","CK","ci:1070229","Milan Ratnayake","AR","N","","","","","","","","","","","","","","","","","","","","","","","cricsheet · official","Y","","","✓ complete","COMPLETED_FLAGGED","⚠ official revision pending",""
"Match 9 — KR v CK","2026-07-23","CK","ci:926629","Hasan Mahmud","BOWL","N","","","","","","","","","","","","","","","","","","","","","","","cricsheet · official","Y","","","✓ complete","COMPLETED_FLAGGED","⚠ official revision pending",""
"Match 9 — KR v CK","2026-07-23","CK","ci:370040","Jeffrey Vandersay","BOWL","N","","","","","","","","","","","","","","","","","","","","","","","cricsheet · official","Y","","","✓ complete","COMPLETED_FLAGGED","⚠ official revision pending",""
"Match 9 — KR v CK","2026-07-23","CK","ci:974109","Mujeeb Ur Rahman","BOWL","Y","0","0","0","0","","","4","0","10","34","3","8.5","0","0","0","0","120","0","0","0","4","124","cricsheet · official","Y","","✓ clean","✓ complete","COMPLETED_FLAGGED","⚠ official revision pending",""
"Match 9 — KR v CK","2026-07-23","CK","ci:629080","Binura Fernando","BOWL","Y","21","13","2","1","161.5","run out","2.2","0","6","19","0","8.77","0","0","0","35","6","0","0","0","4","45","cricsheet · official","Y","10","✓ clean","✓ complete","COMPLETED_FLAGGED","⚠ official revision pending",""
"Match 9 — KR v CK","2026-07-23","CK","ci:596097","Rubin Hermann","WK","Y","53","36","7","1","147.2","caught","","0","0","0","0","","0","0","0","95","0","0","2","0","4","101","cricsheet · official","Y","1","✓ clean","✓ complete","COMPLETED_FLAGGED","⚠ official revision pending",""
"Match 9 — KR v CK","2026-07-23","CK","ci:794713","Kushal Bhurtel","BAT","N","","","","","","","","","","","","","","","","","","","","","","","cricsheet · official","Y","","","✓ complete","COMPLETED_FLAGGED","⚠ official revision pending",""
"Match 9 — KR v CK","2026-07-23","CK","ci:1203995","Shahnawaz Dahani","BOWL","Y","0","0","0","0","","","4","0","10","35","1","8.75","0","0","0","0","40","0","0","0","4","44","cricsheet · official","Y","11","✓ clean","✓ complete","COMPLETED_FLAGGED","⚠ official revision pending",""
"Match 9 — KR v CK","2026-07-23","CK","ci:931015","Thanuka Dabare","AR","N","","","","","","","","","","","","","","","","","","","","","","","cricsheet · official","Y","","","✓ complete","COMPLETED_FLAGGED","⚠ official revision pending",""
"Match 9 — KR v CK","2026-07-23","CK","ci:1210287","Movin Subasingha","AR","N","","","","","","","","","","","","","","","","","","","","","","","cricsheet · official","Y","","","✓ complete","COMPLETED_FLAGGED","⚠ official revision pending",""
"Match 9 — KR v CK","2026-07-23","CK","ci:1282476","Wanuja Sahan","BOWL","Y","7","7","1","0","100","caught","4","0","9","24","1","6","1","0","0","11","39","8","0","2","4","64","cricsheet · official","Y","8","✓ clean","✓ complete","COMPLETED_FLAGGED","⚠ official revision pending",""
"Match 9 — KR v CK","2026-07-23","CK","ci:954003","Anthony Pragasam","BOWL","N","","","","","","","","","","","","","","","","","","","","","","","cricsheet · official","Y","","","✓ complete","COMPLETED_FLAGGED","⚠ official revision pending",""
"Match 9 — KR v CK","2026-07-23","CK","ci:1282475","Malsha Tharupathi","BAT","Y","2","5","0","0","40","lbw","3","0","4","29","1","9.67","1","0","0","2","34","8","0","0","4","48","cricsheet · official","Y","9","✓ clean","✓ complete","COMPLETED_FLAGGED","⚠ official revision pending",""
"Match 9 — KR v CK","2026-07-23","KR","","PWH de Silva","AR","Y","8","5","1","0","160","caught","4","0","8","33","0","8.25","1","0","0","12","8","8","0","0","4","32","cricsheet · official","N","6","","✓ complete","COMPLETED_FLAGGED","⚠ official revision pending",""
"Match 10 — GG v JK","2026-07-23","GG","ci:1027867","Lasith Croospulle","BAT","N","","","","","","","","","","","","","","","","","","","","","","","cricsheet · official","Y","","","✓ complete","COMPLETED_FLAGGED","⚠ official revision pending",""
"Match 10 — GG v JK","2026-07-23","GG","ci:326637","Chris Lynn","BAT","Y","46","22","3","4","209.1","caught","","0","0","0","0","","0","0","0","86","0","0","6","0","4","96","cricsheet · official","Y","2","✓ clean","✓ complete","COMPLETED_FLAGGED","⚠ official revision pending",""
"Match 10 — GG v JK","2026-07-23","GG","ci:536936","Litton Das","WK","N","","","","","","","","","","","","","","","","","","","","","","","cricsheet · official","Y","","","✓ complete","COMPLETED_FLAGGED","⚠ official revision pending",""
"Match 10 — GG v JK","2026-07-23","GG","ci:784367","Charith Asalanka","BAT","Y","6","5","0","1","120","caught","","0","0","0","0","","0","0","0","12","0","0","0","0","4","16","cricsheet · official","Y","3","✓ clean","✓ complete","COMPLETED_FLAGGED","⚠ official revision pending",""
"Match 10 — GG v JK","2026-07-23","GG","ci:348148","Mohammad Nawaz","AR","Y","27","16","2","2","168.8","caught","","0","0","0","0","","0","0","0","51","0","0","4","0","4","59","cricsheet · official","Y","8","✓ clean","✓ complete","COMPLETED_FLAGGED","⚠ official revision pending",""
"Match 10 — GG v JK","2026-07-23","GG","ci:437316","Dasun Shanaka","AR","Y","12","10","0","1","120","caught","2","0","5","21","1","10.5","1","0","0","18","35","8","0","-2","4","63","cricsheet · official","Y","6","✓ clean","✓ complete","COMPLETED_FLAGGED","⚠ official revision pending",""
"Match 10 — GG v JK","2026-07-23","GG","ci:623695","Chamika Karunaratne","AR","Y","9","11","2","0","81.8","caught","2","0","0","26","0","13","1","0","0","17","0","8","0","-6","4","23","cricsheet · official","Y","4","✓ clean","✓ complete","COMPLETED_FLAGGED","⚠ official revision pending",""
"Match 10 — GG v JK","2026-07-23","GG","ci:1364326","Dinura Kalupahana","BOWL","Y","10","11","1","0","90.9","caught","","0","0","0","0","","0","0","0","14","0","0","0","0","4","18","cricsheet · official","Y","7","✓ clean","✓ complete","COMPLETED_FLAGGED","⚠ official revision pending",""
"Match 10 — GG v JK","2026-07-23","GG","ci:826689","Pramod Madushan","BOWL","N","","","","","","","","","","","","","","","","","","","","","","","cricsheet · official","Y","","","✓ complete","COMPLETED_FLAGGED","⚠ official revision pending",""
"Match 10 — GG v JK","2026-07-23","GG","ci:1306214","Eshan Malinga","BOWL","Y","0","0","0","0","","","3","0","11","13","3","4.33","1","0","0","0","113","8","0","6","4","131","cricsheet · official","Y","","✓ clean","✓ complete","COMPLETED_FLAGGED","⚠ official revision pending",""
"Match 10 — GG v JK","2026-07-23","GG","ci:1153149","Vijayakanth Viyaskanth","BOWL","Y","6","2","0","1","300","","2.8","0","5","32","1","11.29","1","0","0","12","35","8","0","-4","4","55","cricsheet · official","Y","9","✓ clean","✓ complete","COMPLETED_FLAGGED","⚠ official revision pending",""
"Match 10 — GG v JK","2026-07-23","GG","ci:629063","Mehidy Hasan Miraz","AR","N","","","","","","","","","","","","","","","","","","","","","","","cricsheet · official","Y","","","⚠ revised: not in official XI","COMPLETED_FLAGGED","⚠ official revision pending",""
"Match 10 — GG v JK","2026-07-23","GG","ci:772361","Sam Harper","WK","Y","3","7","0","0","42.9","bowled","","0","0","0","0","","0","0","0","3","0","0","0","0","4","7","cricsheet · official","Y","1","✓ clean","✓ complete","COMPLETED_FLAGGED","⚠ official revision pending",""
"Match 10 — GG v JK","2026-07-23","GG","ci:633660","Virandeep Singh","AR","N","","","","","","","","","","","","","","","","","","","","","","","cricsheet · official","Y","","","✓ complete","COMPLETED_FLAGGED","⚠ official revision pending",""
"Match 10 — GG v JK","2026-07-23","GG","ci:1203669","Akif Javed","BOWL","Y","0","0","0","0","","","4","0","15","22","1","5.5","1","0","0","0","45","8","0","4","4","61","cricsheet · official","Y","","✓ clean","✓ complete","COMPLETED_FLAGGED","⚠ official revision pending",""
"Match 10 — GG v JK","2026-07-23","GG","ci:499594","Kasun Rajitha","BOWL","N","","","","","","","","","","","","","","","","","","","","","","","cricsheet · official","Y","","","✓ complete","COMPLETED_FLAGGED","⚠ official revision pending",""
"Match 10 — GG v JK","2026-07-23","GG","ci:693975","Sahan Arachchige","AR","Y","63","36","4","3","175","run out","","0","0","0","0","","0","0","0","105","0","0","6","0","4","115","cricsheet · official","Y","5","✓ clean","✓ complete","COMPLETED_FLAGGED","⚠ official revision pending",""
"Match 10 — GG v JK","2026-07-23","GG","ci:950405","Tharindu Rathnayake","BOWL","N","","","","","","","","","","","","","","","","","","","","","","","cricsheet · official","Y","","✓ clean","⚠ revised: not in official XI","COMPLETED_FLAGGED","⚠ official revision pending",""
"Match 10 — GG v JK","2026-07-23","GG","ci:1175296","Sachindu Colombage","AR","N","","","","","","","","","","","","","","","","","","","","","","","cricsheet · official","Y","","","✓ complete","COMPLETED_FLAGGED","⚠ official revision pending",""
"Match 10 — GG v JK","2026-07-23","GG","ci:1437704","Uri Koththigoda","BOWL","N","","","","","","","","","","","","","","","","","","","","","","","cricsheet · official","Y","","","✓ complete","COMPLETED_FLAGGED","⚠ official revision pending",""
"Match 10 — GG v JK","2026-07-23","JK","ci:784369","Avishka Fernando","BAT","Y","6","3","0","1","200","caught","","0","0","0","0","","1","0","0","12","0","8","0","0","4","24","cricsheet · official","Y","2","✓ clean","✓ complete","COMPLETED_FLAGGED","⚠ official revision pending",""
"Match 10 — GG v JK","2026-07-23","JK","ci:1075863","Kamil Mishara","WK","Y","15","8","3","0","187.5","caught","","0","0","0","0","","3","0","1","27","0","34","0","0","4","65","cricsheet · official","Y","1","✓ clean","✓ complete","COMPLETED_FLAGGED","⚠ official revision pending",""
"Match 10 — GG v JK","2026-07-23","JK","ci:921509","Ibrahim Zadran","BAT","Y","11","14","1","0","78.6","caught","","0","0","0","0","","2","0","0","15","0","16","0","0","4","35","cricsheet · official","Y","3","✓ clean","✓ complete","COMPLETED_FLAGGED","⚠ official revision pending",""
"Match 10 — GG v JK","2026-07-23","JK","ci:342619","Bhanuka Rajapaksa","BAT","Y","8","4","2","0","200","caught","","0","0","0","0","","0","0","0","16","0","0","0","0","4","20","cricsheet · official","Y","5","✓ clean","✓ complete","COMPLETED_FLAGGED","⚠ official revision pending",""
"Match 10 — GG v JK","2026-07-23","JK","ci:56143","Shakib Al Hasan","AR","Y","0","1","0","0","0","bowled","3","0","7","27","1","9","0","0","0","-2","37","0","0","0","4","39","cricsheet · official","Y","4","✓ clean","✓ complete","COMPLETED_FLAGGED","⚠ official revision pending",""
"Match 10 — GG v JK","2026-07-23","JK","ci:1152427","Dunith Wellalage","AR","Y","56","39","4","4","143.6","caught","3","0","9","13","1","4.33","0","0","0","104","47","0","2","6","4","163","cricsheet · official","Y","7","✓ clean","✓ complete","COMPLETED_FLAGGED","⚠ official revision pending",""
"Match 10 — GG v JK","2026-07-23","JK","ci:1186658","Chamindu Wickramasinghe","AR","Y","6","8","0","0","75","caught","","0","0","0","0","","0","0","0","6","0","0","0","0","4","10","cricsheet · official","Y","8","✓ clean","✓ complete","COMPLETED_FLAGGED","⚠ official revision pending",""
"Match 10 — GG v JK","2026-07-23","JK","ci:1282477","Traveen Mathews","AR","N","","","","","","","","","","","","","","","","","","","","","","","cricsheet · official","Y","","✓ clean","⚠ revised: not in official XI","COMPLETED_FLAGGED","⚠ official revision pending",""
"Match 10 — GG v JK","2026-07-23","JK","ci:538506","Taskin Ahmed","BOWL","N","","","","","","","","","","","","","","","","","","","","","","","cricsheet · official","Y","","","✓ complete","COMPLETED_FLAGGED","⚠ official revision pending",""
"Match 10 — GG v JK","2026-07-23","JK","ci:221140","David Wiese","AR","Y","22","20","3","0","110","caught","","0","0","0","0","","0","0","0","34","0","0","0","0","4","38","cricsheet · official","Y","6","✓ clean","✓ complete","COMPLETED_FLAGGED","⚠ official revision pending",""
"Match 10 — GG v JK","2026-07-23","JK","ci:1462402","Kugathas Mathulan","BOWL","N","","","","","","","","","","","","","","","","","","","","","","","cricsheet · official","Y","","","✓ complete","COMPLETED_FLAGGED","⚠ official revision pending",""
"Match 10 — GG v JK","2026-07-23","JK","ci:793007","Dilshan Madushanka","BOWL","Y","4","11","1","0","36.4","","4","0","8","35","2","8.75","0","0","0","8","68","0","0","0","4","80","cricsheet · official","Y","10","✓ clean","✓ complete","COMPLETED_FLAGGED","⚠ official revision pending",""
"Match 10 — GG v JK","2026-07-23","JK","ci:1126045","Nishan Madushka","BAT","N","","","","","","","","","","","","","","","","","","","","","","","cricsheet · official","Y","","","✓ complete","COMPLETED_FLAGGED","⚠ official revision pending",""
"Match 10 — GG v JK","2026-07-23","JK","ci:960361","Sandeep Lamichhane","BOWL","N","","","","","","","","","","","","","","","","","","","","","","","cricsheet · official","Y","","","✓ complete","COMPLETED_FLAGGED","⚠ official revision pending",""
"Match 10 — GG v JK","2026-07-23","JK","ci:32966","Piyush Chawla","BOWL","N","","","","","","","","","","","","","","","","","","","","","","","cricsheet · official","Y","","","✓ complete","COMPLETED_FLAGGED","⚠ official revision pending",""
"Match 10 — GG v JK","2026-07-23","JK","ci:384525","Zahoor Khan","BOWL","N","","","","","","","","","","","","","","","","","","","","","","","cricsheet · official","Y","","","✓ complete","COMPLETED_FLAGGED","⚠ official revision pending",""
"Match 10 — GG v JK","2026-07-23","JK","ci:379887","Lizaad Williams","BOWL","Y","0","0","0","0","","","4","0","5","37","2","9.25","0","0","0","0","65","0","0","0","4","69","cricsheet · official","Y","","✓ clean","✓ complete","COMPLETED_FLAGGED","⚠ official revision pending",""
"Match 10 — GG v JK","2026-07-23","JK","ci:1074333","Nuwanidu Fernando","BAT","N","","","","","","","","","","","","","","","","","","","","","","","cricsheet · official","Y","","","✓ complete","COMPLETED_FLAGGED","⚠ official revision pending",""
"Match 10 — GG v JK","2026-07-23","JK","ci:801817","Mohommed Shiraz","BOWL","Y","0","0","0","0","","","3","0","0","23","1","7.67","0","0","0","0","30","0","0","0","4","34","cricsheet · official","Y","","","✓ complete","COMPLETED_FLAGGED","⚠ official revision pending","⚠ official revision"
"Match 10 — GG v JK","2026-07-23","JK","ci:1439495","Praveen Manisha","BAT","N","","","","","","","","","","","","","","","","","","","","","","","cricsheet · official","Y","","","✓ complete","COMPLETED_FLAGGED","⚠ official revision pending",""
"Match 10 — GG v JK","2026-07-23","JK","ci:990031","Towhid Hridoy","BAT","N","","","","","","","","","","","","","","","","","","","","","","","cricsheet · official","Y","","","✓ complete","COMPLETED_FLAGGED","⚠ official revision pending",""
"Match 10 — GG v JK","2026-07-23","GG","ci:410765","Nurul Hasan","BAT","N","","","","","","","","","","","","","","","","","","","","","","","cricsheet · official","Y","","","✓ complete","COMPLETED_FLAGGED","⚠ official revision pending",""
"Match 10 — GG v JK","2026-07-23","GG","ci:1070229","Milan Ratnayake","BOWL","Y","0","0","0","0","","","4","0","14","19","3","4.75","1","0","0","0","116","8","0","6","4","134","cricsheet · official","Y","","","✓ complete","COMPLETED_FLAGGED","⚠ official revision pending",""
"Match 10 — GG v JK","2026-07-23","JK","","T Mathew","AR","Y","0","1","0","0","0","bowled","3","0","1","54","0","18","0","0","1","-2","1","6","0","-6","4","3","cricsheet · official","N","9","","✓ complete","COMPLETED_FLAGGED","⚠ official revision pending",""
"Match 11 — GG v KR","2026-07-25","GG","ci:1027867","Lasith Croospulle","BAT","N","","","","","","","","","","","","","","","","","","","","","","","cricsheet · official","Y","","","✓ complete","COMPLETED","",""
"Match 11 — GG v KR","2026-07-25","GG","ci:326637","Chris Lynn","BAT","N","","","","","","","","","","","","","","","","","","","","","","","cricsheet · official","Y","","","✓ complete","COMPLETED","",""
"Match 11 — GG v KR","2026-07-25","GG","ci:536936","Litton Das","WK","N","","","","","","","","","","","","","","","","","","","","","","","cricsheet · official","Y","","","✓ complete","COMPLETED","",""
"Match 11 — GG v KR","2026-07-25","GG","ci:784367","Charith Asalanka","BAT","Y","14","21","2","0","66.7","caught","","0","0","0","0","","0","0","0","22","0","0","-2","0","4","24","cricsheet · official","Y","4","✓ clean","✓ complete","COMPLETED","",""
"Match 11 — GG v KR","2026-07-25","GG","ci:348148","Mohammad Nawaz","AR","Y","0","1","0","0","0","caught","","0","0","0","0","","1","0","0","-2","0","8","0","0","4","10","cricsheet · official","Y","8","✓ clean","✓ complete","COMPLETED","",""
"Match 11 — GG v KR","2026-07-25","GG","ci:437316","Dasun Shanaka","AR","Y","57","38","6","2","150","","2","0","4","17","0","8.5","0","0","0","101","4","0","2","0","4","111","cricsheet · official","Y","7","⚠ runs 57/58 (cricapi/ESPN)","✓ complete","COMPLETED","",""
"Match 11 — GG v KR","2026-07-25","GG","ci:623695","Chamika Karunaratne","AR","Y","52","35","3","2","148.6","caught","2","0","5","11","0","5.5","1","0","0","84","5","8","2","4","4","107","cricsheet · official","Y","5","✓ clean","✓ complete","COMPLETED","",""
"Match 11 — GG v KR","2026-07-25","GG","ci:1364326","Dinura Kalupahana","BOWL","Y","1","2","0","0","50","caught and bowled","","0","0","0","0","","0","0","0","1","0","0","0","0","4","5","cricsheet · official","Y","3","✓ clean","✓ complete","COMPLETED","",""
"Match 11 — GG v KR","2026-07-25","GG","ci:826689","Pramod Madushan","BOWL","Y","0","0","0","0","","","4","1","11","41","2","10.25","0","0","0","0","91","0","0","-2","4","93","cricsheet · official","Y","","✓ clean","✓ complete","COMPLETED","",""
"Match 11 — GG v KR","2026-07-25","GG","ci:1306214","Eshan Malinga","BOWL","N","","","","","","","","","","","","","","","","","","","","","","","cricsheet · official","Y","","","✓ complete","COMPLETED","",""
"Match 11 — GG v KR","2026-07-25","GG","ci:1153149","Vijayakanth Viyaskanth","BOWL","Y","3","4","0","0","75","","4","0","4","36","2","9","0","0","0","3","72","0","0","0","4","79","cricsheet · official","Y","10","✓ clean","✓ complete","COMPLETED","",""
"Match 11 — GG v KR","2026-07-25","GG","ci:629063","Mehidy Hasan Miraz","AR","Y","5","5","1","0","100","bowled","","0","0","0","0","","1","0","0","9","0","8","0","0","4","21","cricsheet · official","Y","2","✓ clean","✓ complete","COMPLETED","",""
"Match 11 — GG v KR","2026-07-25","GG","ci:772361","Sam Harper","WK","Y","14","12","0","1","116.7","caught","","0","0","0","0","","0","0","0","20","0","0","0","0","4","24","cricsheet · official","Y","1","✓ clean","✓ complete","COMPLETED","",""
"Match 11 — GG v KR","2026-07-25","GG","ci:633660","Virandeep Singh","AR","N","","","","","","","","","","","","","","","","","","","","","","","cricsheet · official","Y","","","✓ complete","COMPLETED","",""
"Match 11 — GG v KR","2026-07-25","GG","ci:1203669","Akif Javed","BOWL","Y","0","0","0","0","","","4","0","9","26","2","6.5","0","0","0","0","69","0","0","2","4","75","cricsheet · official","Y","","✓ clean","✓ complete","COMPLETED","",""
"Match 11 — GG v KR","2026-07-25","GG","ci:499594","Kasun Rajitha","BOWL","N","","","","","","","","","","","","","","","","","","","","","","","cricsheet · official","Y","","","✓ complete","COMPLETED","",""
"Match 11 — GG v KR","2026-07-25","GG","ci:693975","Sahan Arachchige","AR","Y","0","2","0","0","0","lbw","","0","0","0","0","","0","0","0","-2","0","0","0","0","4","2","cricsheet · official","Y","6","✓ clean","✓ complete","COMPLETED","",""
"Match 11 — GG v KR","2026-07-25","GG","ci:950405","Tharindu Rathnayake","BOWL","N","","","","","","","","","","","","","","","","","","","","","","","cricsheet · official","Y","","✓ clean","⚠ revised: not in official XI","COMPLETED","",""
"Match 11 — GG v KR","2026-07-25","GG","ci:1175296","Sachindu Colombage","AR","N","","","","","","","","","","","","","","","","","","","","","","","cricsheet · official","Y","","","✓ complete","COMPLETED","",""
"Match 11 — GG v KR","2026-07-25","GG","ci:1437704","Uri Koththigoda","BOWL","N","","","","","","","","","","","","","","","","","","","","","","","cricsheet · official","Y","","","✓ complete","COMPLETED","",""
"Match 11 — GG v KR","2026-07-25","KR","ci:1161050","Sediqullah Atal","BAT","Y","0","2","0","0","0","lbw","","0","0","0","0","","1","0","1","-2","0","14","0","0","4","16","cricsheet · official","Y","3","✓ clean","✓ complete","COMPLETED","",""
"Match 11 — GG v KR","2026-07-25","KR","ci:1364325","Vishen Halambage","BAT","N","","","","","","","","","","","","","","","","","","","","","","","cricsheet · official","Y","","","✓ complete","COMPLETED","",""
"Match 11 — GG v KR","2026-07-25","KR","ci:300631","Kusal Perera","WK","Y","1","4","0","0","25","caught","","0","0","0","0","","0","0","0","1","0","0","0","0","4","5","cricsheet · official","Y","2","✓ clean","✓ complete","COMPLETED","",""
"Match 11 — GG v KR","2026-07-25","KR","ci:784379","Wanindu Hasaranga","AR","N","","","","","","","","","","","","","","","","","","","","","","","cricsheet · official","Y","","✓ clean","⚠ revised: not in official XI","COMPLETED","",""
"Match 11 — GG v KR","2026-07-25","KR","ci:49764","Angelo Mathews","AR","Y","28","22","2","0","127.3","","","0","0","0","0","","0","0","0","40","0","0","0","0","4","44","cricsheet · official","Y","7","✓ clean","✓ complete","COMPLETED","",""
"Match 11 — GG v KR","2026-07-25","KR","ci:477021","Vijay Shankar","AR","Y","15","12","2","0","125","","1","0","2","9","0","9","1","0","0","23","2","8","0","0","4","37","cricsheet · official","Y","8","✓ clean","✓ complete","COMPLETED","",""
"Match 11 — GG v KR","2026-07-25","KR","ci:8917","Moeen Ali","AR","Y","41","29","3","1","141.4","caught","3","0","11","11","1","3.67","0","0","0","63","49","0","2","6","4","124","cricsheet · official","Y","6","✓ clean","✓ complete","COMPLETED","",""
"Match 11 — GG v KR","2026-07-25","KR","ci:1253695","Pawan Sandesh","AR","N","","","","","","","","","","","","","","","","","","","","","","","cricsheet · official","Y","","","✓ complete","COMPLETED","",""
"Match 11 — GG v KR","2026-07-25","KR","ci:826901","Daniel Sams","AR","N","","","","","","","","","","","","","","","","","","","","","","","cricsheet · official","Y","","","✓ complete","COMPLETED","",""
"Match 11 — GG v KR","2026-07-25","KR","ci:786925","Asitha Fernando","BOWL","Y","0","0","0","0","","","4","0","10","33","2","8.25","0","0","1","0","70","6","0","0","4","80","cricsheet · official","Y","","✓ clean","✓ complete","COMPLETED","",""
"Match 11 — GG v KR","2026-07-25","KR","ci:1364328","Garuka Sanketh","AR","Y","0","0","0","0","","","3","0","3","27","0","9","0","0","0","0","3","0","0","0","4","7","cricsheet · official","Y","","✓ clean","✓ complete","COMPLETED","",""
"Match 11 — GG v KR","2026-07-25","KR","ci:955235","Nuwan Thushara","BOWL","Y","0","0","0","0","","","4","0","6","33","3","8.25","1","0","0","0","108","8","0","0","4","120","cricsheet · official","Y","","✓ clean","✓ complete","COMPLETED","",""
"Match 11 — GG v KR","2026-07-25","KR","ci:712219","Zahir Khan","BOWL","N","","","","","","","","","","","","","","","","","","","","","","","cricsheet · official","Y","","","✓ complete","COMPLETED","",""
"Match 11 — GG v KR","2026-07-25","KR","ci:949473","Brandon McMullen","AR","N","","","","","","","","","","","","","","","","","","","","","","","cricsheet · official","Y","","","✓ complete","COMPLETED","",""
"Match 11 — GG v KR","2026-07-25","KR","ci:704693","Lahiru Udara","BAT","Y","16","15","3","0","106.7","caught","","0","0","0","0","","0","0","0","28","0","0","0","0","4","32","cricsheet · official","Y","1","✓ clean","✓ complete","COMPLETED","",""
"Match 11 — GG v KR","2026-07-25","KR","ci:721041","Dushan Hemantha","AR","Y","0","0","0","0","","","1","0","1","15","0","15","0","0","0","0","1","0","0","0","4","5","cricsheet · official","Y","","✓ clean","✓ complete","COMPLETED","",""
"Match 11 — GG v KR","2026-07-25","KR","ci:985497","Muditha Lakshan","BOWL","N","","","","","","","","","","","","","","","","","","","","","","","cricsheet · official","Y","","","✓ complete","COMPLETED","",""
"Match 11 — GG v KR","2026-07-25","KR","ci:823509","Dale Phillips","BAT","Y","34","25","3","2","136","bowled","","0","0","0","0","","0","0","0","62","0","0","2","0","4","68","cricsheet · official","Y","4","✓ clean","✓ complete","COMPLETED","",""
"Match 11 — GG v KR","2026-07-25","KR","ci:1329936","Sahan Mihira","WK","N","","","","","","","","","","","","","","","","","","","","","","","cricsheet · official","Y","","","✓ complete","COMPLETED","",""
"Match 11 — GG v KR","2026-07-25","KR","ci:1075869","Isitha Wijesundera","BOWL","N","","","","","","","","","","","","","","","","","","","","","","","cricsheet · official","Y","","","✓ complete","COMPLETED","",""
"Match 11 — GG v KR","2026-07-25","KR","ci:1072470","Shaheen Shah Afridi","BOWL","N","","","","","","","","","","","","","","","","","","","","","","","cricsheet · official","Y","","","✓ complete","COMPLETED","",""
"Match 11 — GG v KR","2026-07-25","GG","ci:410765","Nurul Hasan","BAT","N","","","","","","","","","","","","","","","","","","","","","","","cricsheet · official","Y","","","✓ complete","COMPLETED","",""
"Match 11 — GG v KR","2026-07-25","GG","ci:1070229","Milan Ratnayake","BOWL","Y","1","1","0","0","100","run out","4","0","2","32","0","8","1","0","0","1","2","8","0","0","4","15","cricsheet · official","Y","9","","✓ complete","COMPLETED","",""
"Match 11 — GG v KR","2026-07-25","KR","","PWH de Silva","AR","Y","16","12","1","1","133.3","caught","4","0","10","26","1","6.5","2","0","0","26","40","16","2","2","4","90","cricsheet · official","N","5","","✓ complete","COMPLETED","",""
"Match 12 — DS v CK","2026-07-25","DS","ci:647785","Sahibzada Farhan","BAT","N","","","","","","","","","","","","","","","","","","","","","","","cricsheet · official","Y","","","✓ complete","COMPLETED_FLAGGED","⚠ official revision pending",""
"Match 12 — DS v CK","2026-07-25","DS","ci:429754","Niroshan Dickwella","WK","Y","8","4","1","0","200","run out","","0","0","0","0","","1","0","1","12","0","14","0","0","4","30","cricsheet · official","Y","2","✓ clean","✓ complete","COMPLETED_FLAGGED","⚠ official revision pending",""
"Match 12 — DS v CK","2026-07-25","DS","ci:269280","Reeza Hendricks","BAT","Y","4","7","1","0","57.1","caught","","0","0","0","0","","0","0","0","8","0","0","0","0","4","12","cricsheet · official","Y","3","✓ clean","✓ complete","COMPLETED_FLAGGED","⚠ official revision pending",""
"Match 12 — DS v CK","2026-07-25","DS","ci:300628","Dinesh Chandimal","BAT","Y","2","6","0","0","33.3","caught","","0","0","0","0","","0","0","0","2","0","0","0","0","4","6","cricsheet · official","Y","1","✓ clean","✓ complete","COMPLETED_FLAGGED","⚠ official revision pending",""
"Match 12 — DS v CK","2026-07-25","DS","ci:1171180","Pavan Rathnayake","BAT","Y","50","30","6","1","166.7","caught and bowled","","0","0","0","0","","0","0","0","88","0","0","4","0","4","96","cricsheet · official","Y","4","⚠ runs 50/51 (cricapi/ESPN)","✓ complete","COMPLETED_FLAGGED","⚠ official revision pending",""
"Match 12 — DS v CK","2026-07-25","DS","ci:596436","Marques Ackerman","BAT","Y","40","33","3","1","121.2","lbw","1","0","1","0","0","0","0","0","1","62","1","6","0","0","4","73","cricsheet · official","Y","5","⚠ runs 0/40; 4s 0/3; 6s 0/1 (cricapi/ESPN)","⚠ revised: runs 0→40; 4s 0→3; 6s 0→1","COMPLETED_FLAGGED","⚠ official revision pending","⚠ official revision"
"Match 12 — DS v CK","2026-07-25","DS","ci:629084","Ramesh Mendis","AR","Y","8","7","2","0","114.3","caught","1","0","5","5","1","5","0","0","0","16","43","0","0","0","4","63","cricsheet · official","Y","7","✓ clean","✓ complete","COMPLETED_FLAGGED","⚠ official revision pending",""
"Match 12 — DS v CK","2026-07-25","DS","ci:1379076","Gayana Weerasinghe","BOWL","N","","","","","","","","","","","","","","","","","","","","","","","cricsheet · official","Y","","","✓ complete","COMPLETED_FLAGGED","⚠ official revision pending",""
"Match 12 — DS v CK","2026-07-25","DS","ci:1138316","Maheesh Theekshana","BOWL","Y","13","12","1","1","108.3","caught","4","0","4","50","0","12.5","0","0","0","23","4","0","0","-6","4","25","cricsheet · official","Y","8","✓ clean","✓ complete","COMPLETED_FLAGGED","⚠ official revision pending",""
"Match 12 — DS v CK","2026-07-25","DS","ci:574178","Akila Dananjaya","AR","Y","0","0","0","0","","","3","0","6","23","0","7.67","0","0","0","0","6","0","0","0","4","10","cricsheet · official","Y","","✓ clean","✓ complete","COMPLETED_FLAGGED","⚠ official revision pending",""
"Match 12 — DS v CK","2026-07-25","DS","ci:552152","Dushmantha Chameera","BOWL","Y","2","6","0","0","33.3","","4","0","10","41","1","10.25","1","0","0","2","48","8","0","-2","4","60","cricsheet · official","Y","9","✓ clean","✓ complete","COMPLETED_FLAGGED","⚠ official revision pending",""
"Match 12 — DS v CK","2026-07-25","DS","ci:352048","Gulbadin Naib","AR","Y","28","13","1","3","215.4","lbw","2","0","5","15","1","7.5","0","0","0","54","35","0","6","0","4","99","cricsheet · official","Y","6","✓ clean","✓ complete","COMPLETED_FLAGGED","⚠ official revision pending",""
"Match 12 — DS v CK","2026-07-25","DS","ci:1185538","Mohammad Wasim","BOWL","N","","","","","","","","","","","","","","","","","","","","","","","cricsheet · official","Y","","","✓ complete","COMPLETED_FLAGGED","⚠ official revision pending",""
"Match 12 — DS v CK","2026-07-25","DS","ci:334621","Shadley van Schalkwyk","AR","N","","","","","","","","","","","","","","","","","","","","","","","cricsheet · official","Y","","","✓ complete","COMPLETED_FLAGGED","⚠ official revision pending",""
"Match 12 — DS v CK","2026-07-25","DS","ci:974175","Fazalhaq Farooqi","BOWL","Y","0","0","0","0","","","4","0","3","41","1","10.25","0","0","0","0","33","0","0","-2","4","35","cricsheet · official","Y","","✓ clean","✓ complete","COMPLETED_FLAGGED","⚠ official revision pending",""
"Match 12 — DS v CK","2026-07-25","DS","ci:792519","Dhananjaya Lakshan","AR","N","","","","","","","","","","","","","","","","","","","","","","","cricsheet · official","Y","","","✓ complete","COMPLETED_FLAGGED","⚠ official revision pending",""
"Match 12 — DS v CK","2026-07-25","DS","ci:727399","Sachitha Jayatilake","WK","N","","","","","","","","","","","","","","","","","","","","","","","cricsheet · official","Y","","","✓ complete","COMPLETED_FLAGGED","⚠ official revision pending",""
"Match 12 — DS v CK","2026-07-25","DS","ci:784375","Vishva Kumara","BOWL","Y","3","3","0","0","100","","1","0","2","7","0","7","0","0","0","3","2","0","0","0","4","9","cricsheet · official","Y","10","✓ clean","✓ complete","COMPLETED_FLAGGED","⚠ official revision pending",""
"Match 12 — DS v CK","2026-07-25","CK","ci:1393938","Sharujan Shanmuganathan","BAT","Y","12","12","1","0","100","lbw","","0","0","0","0","","1","0","0","16","0","8","0","0","4","28","cricsheet · official","Y","3","✓ clean","✓ complete","COMPLETED_FLAGGED","⚠ official revision pending",""
"Match 12 — DS v CK","2026-07-25","CK","ci:629074","Kusal Mendis","WK","N","","","","","","","","","","","","","","","","","","","","","","","cricsheet · official","Y","","","✓ complete","COMPLETED_FLAGGED","⚠ official revision pending",""
"Match 12 — DS v CK","2026-07-25","CK","ci:629076","Sadeera Samarawickrama","BAT","Y","16","13","2","0","123.1","lbw","","0","0","0","0","","1","0","0","24","0","8","0","0","4","36","cricsheet · official","Y","2","✓ clean","✓ complete","COMPLETED_FLAGGED","⚠ official revision pending",""
"Match 12 — DS v CK","2026-07-25","CK","ci:784373","Kamindu Mendis","AR","Y","88","39","9","4","225.6","","","0","0","0","0","","0","0","0","160","0","0","6","0","4","170","cricsheet · official","Y","4","✓ clean","✓ complete","COMPLETED_FLAGGED","⚠ official revision pending",""
"Match 12 — DS v CK","2026-07-25","CK","ci:603410","Ben McDermott","BAT","Y","14","15","1","1","93.3","caught","","0","0","0","0","","0","0","0","24","0","0","0","0","4","28","cricsheet · official","Y","5","✓ clean","✓ complete","COMPLETED_FLAGGED","⚠ official revision pending",""
"Match 12 — DS v CK","2026-07-25","CK","ci:681681","Janith Liyanage","BAT","Y","17","11","2","1","154.5","caught","1","0","2","10","0","10","0","0","0","31","2","0","4","0","4","41","cricsheet · official","Y","6","✓ clean","✓ complete","COMPLETED_FLAGGED","⚠ official revision pending",""
"Match 12 — DS v CK","2026-07-25","CK","ci:355269","Jimmy Neesham","AR","Y","6","6","0","0","100","","2","0","3","17","0","8.5","0","0","0","6","3","0","0","0","4","13","cricsheet · official","Y","7","✓ clean","✓ complete","COMPLETED_FLAGGED","⚠ official revision pending",""
"Match 12 — DS v CK","2026-07-25","CK","ci:1070229","Milan Ratnayake","AR","N","","","","","","","","","","","","","","","","","","","","","","","cricsheet · official","Y","","✓ clean","⚠ revised: not in official XI","COMPLETED_FLAGGED","⚠ official revision pending",""
"Match 12 — DS v CK","2026-07-25","CK","ci:926629","Hasan Mahmud","BOWL","N","","","","","","","","","","","","","","","","","","","","","","","cricsheet · official","Y","","","✓ complete","COMPLETED_FLAGGED","⚠ official revision pending",""
"Match 12 — DS v CK","2026-07-25","CK","ci:370040","Jeffrey Vandersay","BOWL","N","","","","","","","","","","","","","","","","","","","","","","","cricsheet · official","Y","","","✓ complete","COMPLETED_FLAGGED","⚠ official revision pending",""
"Match 12 — DS v CK","2026-07-25","CK","ci:974109","Mujeeb Ur Rahman","BOWL","Y","0","0","0","0","","","4","0","10","33","2","8.25","1","0","0","0","78","8","0","0","4","90","cricsheet · official","Y","","✓ clean","✓ complete","COMPLETED_FLAGGED","⚠ official revision pending",""
"Match 12 — DS v CK","2026-07-25","CK","ci:629080","Binura Fernando","BOWL","N","","","","","","","","","","","","","","","","","","","","","","","cricsheet · official","Y","","","✓ complete","COMPLETED_FLAGGED","⚠ official revision pending",""
"Match 12 — DS v CK","2026-07-25","CK","ci:596097","Rubin Hermann","WK","Y","39","24","6","1","162.5","run out","","0","0","0","0","","0","0","0","73","0","0","4","0","4","81","cricsheet · official","Y","1","✓ clean","✓ complete","COMPLETED_FLAGGED","⚠ official revision pending",""
"Match 12 — DS v CK","2026-07-25","CK","ci:794713","Kushal Bhurtel","BAT","N","","","","","","","","","","","","","","","","","","","","","","","cricsheet · official","Y","","","✓ complete","COMPLETED_FLAGGED","⚠ official revision pending",""
"Match 12 — DS v CK","2026-07-25","CK","ci:1203995","Shahnawaz Dahani","BOWL","Y","0","0","0","0","","","4","0","16","20","2","5","0","0","1","0","76","12","0","4","4","96","cricsheet · official","Y","","✓ clean","✓ complete","COMPLETED_FLAGGED","⚠ official revision pending",""
"Match 12 — DS v CK","2026-07-25","CK","ci:931015","Thanuka Dabare","AR","N","","","","","","","","","","","","","","","","","","","","","","","cricsheet · official","Y","","","✓ complete","COMPLETED_FLAGGED","⚠ official revision pending",""
"Match 12 — DS v CK","2026-07-25","CK","ci:1210287","Movin Subasingha","AR","N","","","","","","","","","","","","","","","","","","","","","","","cricsheet · official","Y","","","✓ complete","COMPLETED_FLAGGED","⚠ official revision pending",""
"Match 12 — DS v CK","2026-07-25","CK","ci:1282476","Wanuja Sahan","BOWL","Y","0","0","0","0","","","3","0","5","34","1","11.33","0","0","0","0","35","0","0","-4","4","35","cricsheet · official","Y","","✓ clean","✓ complete","COMPLETED_FLAGGED","⚠ official revision pending",""
"Match 12 — DS v CK","2026-07-25","CK","ci:954003","Anthony Pragasam","BOWL","N","","","","","","","","","","","","","","","","","","","","","","","cricsheet · official","Y","","","✓ complete","COMPLETED_FLAGGED","⚠ official revision pending",""
"Match 12 — DS v CK","2026-07-25","CK","ci:1282475","Malsha Tharupathi","BAT","Y","0","0","0","0","","","3","0","6","26","1","8.67","2","0","0","0","44","16","0","0","4","64","cricsheet · official","Y","","✓ clean","✓ complete","COMPLETED_FLAGGED","⚠ official revision pending",""
"Match 12 — DS v CK","2026-07-25","DS","ci:784375","Vishva Kumara","BOWL","N","","","","","","","","","","","","","","","","","","","","","","","cricsheet · official","Y","","✓ clean","✓ complete","COMPLETED_FLAGGED","⚠ official revision pending",""
"Match 12 — DS v CK","2026-07-25","DS","","RMMP Rathnayake","AR","Y","0","0","0","0","","","3","0","3","26","1","8.67","0","0","0","0","33","0","0","0","4","37","cricsheet · official","N","","","✓ complete","COMPLETED_FLAGGED","⚠ official revision pending",""
"Match 13 — KR v JK","2026-07-26","KR","ci:1161050","Sediqullah Atal","BAT","N","","","","","","","","","","","","","","","","","","","","","","","cricsheet · official","Y","","","✓ complete","COMPLETED_FLAGGED","⚠ official revision pending",""
"Match 13 — KR v JK","2026-07-26","KR","ci:1364325","Vishen Halambage","BAT","N","","","","","","","","","","","","","","","","","","","","","","","cricsheet · official","Y","","","✓ complete","COMPLETED_FLAGGED","⚠ official revision pending",""
"Match 13 — KR v JK","2026-07-26","KR","ci:300631","Kusal Perera","WK","Y","4","3","1","0","133.3","caught","","0","0","0","0","","0","0","0","8","0","0","0","0","4","12","cricsheet · official","Y","1","✓ clean","✓ complete","COMPLETED_FLAGGED","⚠ official revision pending",""
"Match 13 — KR v JK","2026-07-26","KR","ci:784379","Wanindu Hasaranga","AR","N","","","","","","","","","","","","","","","","","","","","","","","cricsheet · official","Y","","✓ clean","⚠ revised: not in official XI","COMPLETED_FLAGGED","⚠ official revision pending",""
"Match 13 — KR v JK","2026-07-26","KR","ci:49764","Angelo Mathews","AR","Y","7","18","0","0","38.9","caught","","0","0","0","0","","0","0","0","7","0","0","-6","0","4","5","cricsheet · official","Y","4","✓ clean","✓ complete","COMPLETED_FLAGGED","⚠ official revision pending",""
"Match 13 — KR v JK","2026-07-26","KR","ci:477021","Vijay Shankar","AR","Y","0","3","0","0","0","caught","","0","0","0","0","","0","0","0","-2","0","0","0","0","4","2","cricsheet · official","Y","5","✓ clean","✓ complete","COMPLETED_FLAGGED","⚠ official revision pending",""
"Match 13 — KR v JK","2026-07-26","KR","ci:8917","Moeen Ali","AR","Y","7","11","0","0","63.6","caught","2","0","3","29","0","14.5","0","0","0","7","3","0","-2","-6","4","6","cricsheet · official","Y","6","✓ clean","✓ complete","COMPLETED_FLAGGED","⚠ official revision pending",""
"Match 13 — KR v JK","2026-07-26","KR","ci:1253695","Pawan Sandesh","AR","N","","","","","","","","","","","","","","","","","","","","","","","cricsheet · official","Y","","","✓ complete","COMPLETED_FLAGGED","⚠ official revision pending",""
"Match 13 — KR v JK","2026-07-26","KR","ci:826901","Daniel Sams","AR","N","","","","","","","","","","","","","","","","","","","","","","","cricsheet · official","Y","","","✓ complete","COMPLETED_FLAGGED","⚠ official revision pending",""
"Match 13 — KR v JK","2026-07-26","KR","ci:786925","Asitha Fernando","BOWL","Y","0","1","0","0","0","run out","3","0","5","28","0","9.33","1","0","0","0","5","8","0","0","4","17","cricsheet · official","Y","10","✓ clean","✓ complete","COMPLETED_FLAGGED","⚠ official revision pending",""
"Match 13 — KR v JK","2026-07-26","KR","ci:1364328","Garuka Sanketh","AR","Y","0","3","0","0","0","","2","0","5","19","0","9.5","0","0","0","0","5","0","0","0","4","9","cricsheet · official","Y","11","⚠ runs 0/1 (cricapi/ESPN)","✓ complete","COMPLETED_FLAGGED","⚠ official revision pending","⚠ official revision"
"Match 13 — KR v JK","2026-07-26","KR","ci:955235","Nuwan Thushara","BOWL","Y","0","0","0","0","","","4","0","3","49","0","12.25","0","0","0","0","3","0","0","-6","4","1","cricsheet · official","Y","","✓ clean","✓ complete","COMPLETED_FLAGGED","⚠ official revision pending",""
"Match 13 — KR v JK","2026-07-26","KR","ci:712219","Zahir Khan","BOWL","N","","","","","","","","","","","","","","","","","","","","","","","cricsheet · official","Y","","","✓ complete","COMPLETED_FLAGGED","⚠ official revision pending",""
"Match 13 — KR v JK","2026-07-26","KR","ci:949473","Brandon McMullen","AR","N","","","","","","","","","","","","","","","","","","","","","","","cricsheet · official","Y","","","✓ complete","COMPLETED_FLAGGED","⚠ official revision pending",""
"Match 13 — KR v JK","2026-07-26","KR","ci:704693","Lahiru Udara","BAT","Y","54","41","6","2","131.7","lbw","","0","0","0","0","","1","0","0","98","0","8","2","0","4","112","cricsheet · official","Y","2","✓ clean","✓ complete","COMPLETED_FLAGGED","⚠ official revision pending",""
"Match 13 — KR v JK","2026-07-26","KR","ci:721041","Dushan Hemantha","AR","Y","2","3","0","0","66.7","caught","2","0","3","20","1","10","0","0","0","2","33","0","0","-2","4","37","cricsheet · official","Y","8","✓ clean","✓ complete","COMPLETED_FLAGGED","⚠ official revision pending",""
"Match 13 — KR v JK","2026-07-26","KR","ci:985497","Muditha Lakshan","BOWL","N","","","","","","","","","","","","","","","","","","","","","","","cricsheet · official","Y","","","✓ complete","COMPLETED_FLAGGED","⚠ official revision pending",""
"Match 13 — KR v JK","2026-07-26","KR","ci:823509","Dale Phillips","BAT","Y","2","3","0","0","66.7","lbw","","0","0","0","0","","0","0","0","2","0","0","0","0","4","6","cricsheet · official","Y","3","✓ clean","✓ complete","COMPLETED_FLAGGED","⚠ official revision pending",""
"Match 13 — KR v JK","2026-07-26","KR","ci:1329936","Sahan Mihira","WK","N","","","","","","","","","","","","","","","","","","","","","","","cricsheet · official","Y","","","✓ complete","COMPLETED_FLAGGED","⚠ official revision pending",""
"Match 13 — KR v JK","2026-07-26","KR","ci:1075869","Isitha Wijesundera","BOWL","N","","","","","","","","","","","","","","","","","","","","","","","cricsheet · official","Y","","","✓ complete","COMPLETED_FLAGGED","⚠ official revision pending",""
"Match 13 — KR v JK","2026-07-26","KR","ci:1072470","Shaheen Shah Afridi","BOWL","Y","22","19","1","2","115.8","caught","4","0","11","27","3","6.75","0","0","0","38","121","0","0","2","4","165","cricsheet · official","Y","9","⚠ runs 13/22; 6s 1/2 (cricapi/ESPN)","⚠ revised: runs 13→22; 6s 1→2","COMPLETED_FLAGGED","⚠ official revision pending",""
"Match 13 — KR v JK","2026-07-26","JK","ci:784369","Avishka Fernando","BAT","Y","66","36","10","2","183.3","caught","","0","0","0","0","","1","0","0","126","0","8","6","0","4","144","cricsheet · official","Y","2","✓ clean","✓ complete","COMPLETED_FLAGGED","⚠ official revision pending","⚠ official revision"
"Match 13 — KR v JK","2026-07-26","JK","ci:1075863","Kamil Mishara","WK","Y","78","53","6","4","147.2","caught","","0","0","0","0","","0","0","0","138","0","0","2","0","4","144","cricsheet · official","Y","1","✓ clean","✓ complete","COMPLETED_FLAGGED","⚠ official revision pending",""
"Match 13 — KR v JK","2026-07-26","JK","ci:921509","Ibrahim Zadran","BAT","Y","0","0","0","0","","","","0","0","0","0","","0","0","0","0","0","0","0","0","4","4","cricsheet · official","Y","","","✓ complete","COMPLETED_FLAGGED","⚠ official revision pending",""
"Match 13 — KR v JK","2026-07-26","JK","ci:342619","Bhanuka Rajapaksa","BAT","Y","1","2","0","0","50","bowled","","0","0","0","0","","1","0","0","1","0","8","0","0","4","13","cricsheet · official","Y","4","✓ clean","✓ complete","COMPLETED_FLAGGED","⚠ official revision pending",""
"Match 13 — KR v JK","2026-07-26","JK","ci:56143","Shakib Al Hasan","AR","Y","0","0","0","0","","","3","0","9","18","1","6","0","0","0","0","39","0","0","2","4","45","cricsheet · official","Y","","✓ clean","✓ complete","COMPLETED_FLAGGED","⚠ official revision pending",""
"Match 13 — KR v JK","2026-07-26","JK","ci:1152427","Dunith Wellalage","AR","Y","0","1","0","0","0","","4","0","10","21","3","5.25","0","0","0","0","104","0","0","4","4","112","cricsheet · official","Y","6","✓ clean","✓ complete","COMPLETED_FLAGGED","⚠ official revision pending",""
"Match 13 — KR v JK","2026-07-26","JK","ci:1186658","Chamindu Wickramasinghe","AR","Y","10","7","1","0","142.9","bowled","","0","0","0","0","","0","0","0","14","0","0","0","0","4","18","cricsheet · official","Y","5","✓ clean","✓ complete","COMPLETED_FLAGGED","⚠ official revision pending",""
"Match 13 — KR v JK","2026-07-26","JK","ci:1282477","Traveen Mathews","AR","N","","","","","","","","","","","","","","","","","","","","","","","cricsheet · official","Y","","✓ clean","⚠ revised: not in official XI","COMPLETED_FLAGGED","⚠ official revision pending",""
"Match 13 — KR v JK","2026-07-26","JK","ci:538506","Taskin Ahmed","BOWL","N","","","","","","","","","","","","","","","","","","","","","","","cricsheet · official","Y","","","✓ complete","COMPLETED_FLAGGED","⚠ official revision pending",""
"Match 13 — KR v JK","2026-07-26","JK","ci:221140","David Wiese","AR","Y","0","0","0","0","","","1","0","1","5","1","5","2","0","0","0","39","16","0","0","4","59","cricsheet · official","Y","","✓ clean","✓ complete","COMPLETED_FLAGGED","⚠ official revision pending",""
"Match 13 — KR v JK","2026-07-26","JK","ci:1462402","Kugathas Mathulan","BOWL","N","","","","","","","","","","","","","","","","","","","","","","","cricsheet · official","Y","","","✓ complete","COMPLETED_FLAGGED","⚠ official revision pending",""
"Match 13 — KR v JK","2026-07-26","JK","ci:793007","Dilshan Madushanka","BOWL","Y","0","0","0","0","","","4","0","14","20","0","5","1","0","1","0","14","20","0","4","4","42","cricsheet · official","Y","","✓ clean","✓ complete","COMPLETED_FLAGGED","⚠ official revision pending","⚠ official revision"
"Match 13 — KR v JK","2026-07-26","JK","ci:1126045","Nishan Madushka","BAT","N","","","","","","","","","","","","","","","","","","","","","","","cricsheet · official","Y","","","✓ complete","COMPLETED_FLAGGED","⚠ official revision pending",""
"Match 13 — KR v JK","2026-07-26","JK","ci:960361","Sandeep Lamichhane","BOWL","N","","","","","","","","","","","","","","","","","","","","","","","cricsheet · official","Y","","","✓ complete","COMPLETED_FLAGGED","⚠ official revision pending",""
"Match 13 — KR v JK","2026-07-26","JK","ci:32966","Piyush Chawla","BOWL","N","","","","","","","","","","","","","","","","","","","","","","","cricsheet · official","Y","","","✓ complete","COMPLETED_FLAGGED","⚠ official revision pending",""
"Match 13 — KR v JK","2026-07-26","JK","ci:384525","Zahoor Khan","BOWL","N","","","","","","","","","","","","","","","","","","","","","","","cricsheet · official","Y","","","✓ complete","COMPLETED_FLAGGED","⚠ official revision pending",""
"Match 13 — KR v JK","2026-07-26","JK","ci:379887","Lizaad Williams","BOWL","N","","","","","","","","","","","","","","","","","","","","","","","cricsheet · official","Y","","","✓ complete","COMPLETED_FLAGGED","⚠ official revision pending",""
"Match 13 — KR v JK","2026-07-26","JK","ci:1074333","Nuwanidu Fernando","BAT","N","","","","","","","","","","","","","","","","","","","","","","","cricsheet · official","Y","","","✓ complete","COMPLETED_FLAGGED","⚠ official revision pending",""
"Match 13 — KR v JK","2026-07-26","JK","ci:801817","Mohommed Shiraz","BOWL","Y","0","0","0","0","","","3.3","0","0","9","2","2.7","0","0","0","0","68","0","0","6","4","78","cricsheet · official","Y","","","✓ complete","COMPLETED_FLAGGED","⚠ official revision pending","⚠ official revision"
"Match 13 — KR v JK","2026-07-26","JK","ci:1439495","Praveen Manisha","BAT","N","","","","","","","","","","","","","","","","","","","","","","","cricsheet · official","Y","","","✓ complete","COMPLETED_FLAGGED","⚠ official revision pending",""
"Match 13 — KR v JK","2026-07-26","JK","ci:990031","Towhid Hridoy","BAT","Y","35","21","2","1","166.7","","","0","0","0","0","","1","0","0","53","0","8","4","0","4","69","cricsheet · official","Y","3","✓ clean","✓ complete","COMPLETED_FLAGGED","⚠ official revision pending",""
"Match 13 — KR v JK","2026-07-26","JK","","T Mathew","AR","Y","0","0","0","0","","","3","0","7","21","1","7","0","0","0","0","37","0","0","2","4","43","cricsheet · official","N","","","✓ complete","COMPLETED_FLAGGED","⚠ official revision pending",""
"Match 13 — KR v JK","2026-07-26","KR","","PWH de Silva","AR","Y","3","5","0","0","60","caught","3","0","4","23","0","7.67","0","0","0","3","4","0","0","0","4","11","cricsheet · official","N","7","","✓ complete","COMPLETED_FLAGGED","⚠ official revision pending",""
"Match 14 — GG v DS","2026-07-26","GG","ci:1027867","Lasith Croospulle","BAT","N","","","","","","","","","","","","","","","","","","","","","","","cricsheet · official","Y","","","✓ complete","COMPLETED_FLAGGED","⚠ official revision pending",""
"Match 14 — GG v DS","2026-07-26","GG","ci:326637","Chris Lynn","BAT","N","","","","","","","","","","","","","","","","","","","","","","","cricsheet · official","Y","","","✓ complete","COMPLETED_FLAGGED","⚠ official revision pending",""
"Match 14 — GG v DS","2026-07-26","GG","ci:536936","Litton Das","WK","N","","","","","","","","","","","","","","","","","","","","","","","cricsheet · official","Y","","","✓ complete","COMPLETED_FLAGGED","⚠ official revision pending",""
"Match 14 — GG v DS","2026-07-26","GG","ci:784367","Charith Asalanka","BAT","Y","31","20","2","2","155","caught","","0","0","0","0","","0","0","0","55","0","0","4","0","4","63","cricsheet · official","Y","3","✓ clean","✓ complete","COMPLETED_FLAGGED","⚠ official revision pending",""
"Match 14 — GG v DS","2026-07-26","GG","ci:348148","Mohammad Nawaz","AR","Y","3","5","0","0","60","bowled","2","0","6","6","1","3","0","0","0","3","36","0","0","6","4","49","cricsheet · official","Y","7","✓ clean","✓ complete","COMPLETED_FLAGGED","⚠ official revision pending",""
"Match 14 — GG v DS","2026-07-26","GG","ci:437316","Dasun Shanaka","AR","Y","0","1","0","0","0","caught","1","0","2","18","0","18","1","0","0","-2","2","8","0","0","4","12","cricsheet · official","Y","6","✓ clean","✓ complete","COMPLETED_FLAGGED","⚠ official revision pending",""
"Match 14 — GG v DS","2026-07-26","GG","ci:623695","Chamika Karunaratne","AR","Y","72","34","4","6","211.8","","1","0","1","13","0","13","0","0","0","132","1","0","6","0","4","143","cricsheet · official","Y","5","✓ clean","✓ complete","COMPLETED_FLAGGED","⚠ official revision pending",""
"Match 14 — GG v DS","2026-07-26","GG","ci:1364326","Dinura Kalupahana","BOWL","Y","0","0","0","0","","","","0","0","0","0","","0","0","0","0","0","0","0","0","4","4","cricsheet · official","Y","","","✓ complete","COMPLETED_FLAGGED","⚠ official revision pending",""
"Match 14 — GG v DS","2026-07-26","GG","ci:826689","Pramod Madushan","BOWL","N","","","","","","","","","","","","","","","","","","","","","","","cricsheet · official","Y","","","✓ complete","COMPLETED_FLAGGED","⚠ official revision pending",""
"Match 14 — GG v DS","2026-07-26","GG","ci:1306214","Eshan Malinga","BOWL","Y","0","0","0","0","","","4","1","10","32","1","8","0","0","0","0","52","0","0","0","4","56","cricsheet · official","Y","","✓ clean","✓ complete","COMPLETED_FLAGGED","⚠ official revision pending",""
"Match 14 — GG v DS","2026-07-26","GG","ci:1153149","Vijayakanth Viyaskanth","BOWL","N","","","","","","","","","","","","","","","","","","","","","","","cricsheet · official","Y","","","✓ complete","COMPLETED_FLAGGED","⚠ official revision pending",""
"Match 14 — GG v DS","2026-07-26","GG","ci:629063","Mehidy Hasan Miraz","AR","N","","","","","","","","","","","","","","","","","","","","","","","cricsheet · official","Y","","","✓ complete","COMPLETED_FLAGGED","⚠ official revision pending",""
"Match 14 — GG v DS","2026-07-26","GG","ci:772361","Sam Harper","WK","Y","41","27","5","1","151.9","caught","","0","0","0","0","","0","0","0","71","0","0","4","0","4","79","cricsheet · official","Y","1","✓ clean","✓ complete","COMPLETED_FLAGGED","⚠ official revision pending",""
"Match 14 — GG v DS","2026-07-26","GG","ci:633660","Virandeep Singh","AR","N","","","","","","","","","","","","","","","","","","","","","","","cricsheet · official","Y","","","✓ complete","COMPLETED_FLAGGED","⚠ official revision pending",""
"Match 14 — GG v DS","2026-07-26","GG","ci:1203669","Akif Javed","BOWL","Y","0","0","0","0","","","4","0","12","40","1","10","1","0","0","0","42","8","0","-2","4","52","cricsheet · official","Y","","✓ clean","✓ complete","COMPLETED_FLAGGED","⚠ official revision pending","⚠ official revision"
"Match 14 — GG v DS","2026-07-26","GG","ci:499594","Kasun Rajitha","BOWL","N","","","","","","","","","","","","","","","","","","","","","","","cricsheet · official","Y","","","✓ complete","COMPLETED_FLAGGED","⚠ official revision pending",""
"Match 14 — GG v DS","2026-07-26","GG","ci:693975","Sahan Arachchige","AR","Y","28","18","2","1","155.6","bowled","","0","0","0","0","","0","0","0","46","0","0","4","0","4","54","cricsheet · official","Y","4","✓ clean","✓ complete","COMPLETED_FLAGGED","⚠ official revision pending",""
"Match 14 — GG v DS","2026-07-26","GG","ci:950405","Tharindu Rathnayake","BOWL","N","","","","","","","","","","","","","","","","","","","","","","","cricsheet · official","Y","","✓ clean","⚠ revised: not in official XI","COMPLETED_FLAGGED","⚠ official revision pending",""
"Match 14 — GG v DS","2026-07-26","GG","ci:1175296","Sachindu Colombage","AR","Y","0","0","0","0","","","4","0","9","0","0","0","0","0","1","0","17","12","0","6","4","39","cricsheet · official","Y","","⚠ wkts 0/3 (cricapi/ESPN)","✓ complete","COMPLETED_FLAGGED","⚠ official revision pending","⚠ official revision"
"Match 14 — GG v DS","2026-07-26","GG","ci:1437704","Uri Koththigoda","BOWL","N","","","","","","","","","","","","","","","","","","","","","","","cricsheet · official","Y","","","✓ complete","COMPLETED_FLAGGED","⚠ official revision pending",""
"Match 14 — GG v DS","2026-07-26","DS","ci:647785","Sahibzada Farhan","BAT","Y","11","8","0","1","137.5","run out","","0","0","0","0","","0","0","0","17","0","0","0","0","4","21","cricsheet · official","Y","2","✓ clean","✓ complete","COMPLETED_FLAGGED","⚠ official revision pending",""
"Match 14 — GG v DS","2026-07-26","DS","ci:429754","Niroshan Dickwella","WK","Y","32","19","7","0","168.4","caught","","0","0","0","0","","1","0","0","64","0","8","4","0","4","80","cricsheet · official","Y","1","✓ clean","✓ complete","COMPLETED_FLAGGED","⚠ official revision pending",""
"Match 14 — GG v DS","2026-07-26","DS","ci:269280","Reeza Hendricks","BAT","Y","9","15","0","0","60","bowled","","0","0","0","0","","1","0","0","9","0","8","-2","0","4","19","cricsheet · official","Y","3","✓ clean","✓ complete","COMPLETED_FLAGGED","⚠ official revision pending",""
"Match 14 — GG v DS","2026-07-26","DS","ci:300628","Dinesh Chandimal","BAT","Y","15","17","1","0","88.2","caught","","0","0","0","0","","0","0","0","19","0","0","0","0","4","23","cricsheet · official","Y","5","⚠ runs 15/16 (cricapi/ESPN)","✓ complete","COMPLETED_FLAGGED","⚠ official revision pending",""
"Match 14 — GG v DS","2026-07-26","DS","ci:1171180","Pavan Rathnayake","BAT","Y","1","4","0","0","25","caught","","0","0","0","0","","0","0","0","1","0","0","0","0","4","5","cricsheet · official","Y","4","✓ clean","✓ complete","COMPLETED_FLAGGED","⚠ official revision pending",""
"Match 14 — GG v DS","2026-07-26","DS","ci:596436","Marques Ackerman","BAT","Y","23","14","3","1","164.3","caught","4","0","5","34","0","8.5","0","0","0","41","5","0","4","0","4","54","cricsheet · official","Y","7","✓ clean","✓ complete","COMPLETED_FLAGGED","⚠ official revision pending","⚠ official revision"
"Match 14 — GG v DS","2026-07-26","DS","ci:629084","Ramesh Mendis","AR","Y","39","22","6","1","177.3","","","0","0","0","0","","0","0","0","73","0","0","6","0","4","83","cricsheet · official","Y","8","⚠ runs 39/40 (cricapi/ESPN)","✓ complete","COMPLETED_FLAGGED","⚠ official revision pending",""
"Match 14 — GG v DS","2026-07-26","DS","ci:1379076","Gayana Weerasinghe","BOWL","N","","","","","","","","","","","","","","","","","","","","","","","cricsheet · official","Y","","","✓ complete","COMPLETED_FLAGGED","⚠ official revision pending",""
"Match 14 — GG v DS","2026-07-26","DS","ci:1138316","Maheesh Theekshana","BOWL","Y","16","12","3","0","133.3","","4","0","4","32","0","8","0","0","0","28","4","0","0","0","4","36","cricsheet · official","Y","9","✓ clean","✓ complete","COMPLETED_FLAGGED","⚠ official revision pending",""
"Match 14 — GG v DS","2026-07-26","DS","ci:574178","Akila Dananjaya","AR","N","","","","","","","","","","","","","","","","","","","","","","","cricsheet · official","Y","","","✓ complete","COMPLETED_FLAGGED","⚠ official revision pending",""
"Match 14 — GG v DS","2026-07-26","DS","ci:552152","Dushmantha Chameera","BOWL","Y","0","0","0","0","","","4","0","8","55","5","13.75","0","0","0","0","178","0","0","-6","4","176","cricsheet · official","Y","","✓ clean","✓ complete","COMPLETED_FLAGGED","⚠ official revision pending",""
"Match 14 — GG v DS","2026-07-26","DS","ci:352048","Gulbadin Naib","AR","Y","15","13","0","1","115.4","caught","2","0","5","24","0","12","1","0","0","21","5","8","0","-4","4","34","cricsheet · official","Y","6","✓ clean","✓ complete","COMPLETED_FLAGGED","⚠ official revision pending",""
"Match 14 — GG v DS","2026-07-26","DS","ci:1185538","Mohammad Wasim","BOWL","Y","0","0","0","0","","","4","0","5","60","1","15","0","0","0","0","43","0","0","-6","4","41","cricsheet · official","Y","","✓ clean","✓ complete","COMPLETED_FLAGGED","⚠ official revision pending",""
"Match 14 — GG v DS","2026-07-26","DS","ci:334621","Shadley van Schalkwyk","AR","N","","","","","","","","","","","","","","","","","","","","","","","cricsheet · official","Y","","","✓ complete","COMPLETED_FLAGGED","⚠ official revision pending",""
"Match 14 — GG v DS","2026-07-26","DS","ci:974175","Fazalhaq Farooqi","BOWL","N","","","","","","","","","","","","","","","","","","","","","","","cricsheet · official","Y","","","✓ complete","COMPLETED_FLAGGED","⚠ official revision pending",""
"Match 14 — GG v DS","2026-07-26","DS","ci:792519","Dhananjaya Lakshan","AR","N","","","","","","","","","","","","","","","","","","","","","","","cricsheet · official","Y","","","✓ complete","COMPLETED_FLAGGED","⚠ official revision pending",""
"Match 14 — GG v DS","2026-07-26","DS","ci:727399","Sachitha Jayatilake","WK","N","","","","","","","","","","","","","","","","","","","","","","","cricsheet · official","Y","","","✓ complete","COMPLETED_FLAGGED","⚠ official revision pending",""
"Match 14 — GG v DS","2026-07-26","DS","ci:784375","Vishva Kumara","BOWL","Y","0","0","0","0","","","2","0","3","14","0","7","0","0","0","0","3","0","0","2","4","9","cricsheet · official","Y","","✓ clean","✓ complete","COMPLETED_FLAGGED","⚠ official revision pending",""
"Match 14 — GG v DS","2026-07-26","DS","ci:784375","Vishva Kumara","BOWL","N","","","","","","","","","","","","","","","","","","","","","","","cricsheet · official","Y","","✓ clean","✓ complete","COMPLETED_FLAGGED","⚠ official revision pending",""
"Match 14 — GG v DS","2026-07-26","GG","ci:410765","Nurul Hasan","BAT","Y","29","13","5","1","223.1","caught","","0","0","0","0","","0","0","0","59","0","0","6","0","4","69","cricsheet · official","Y","2","⚠ runs 29/30 (cricapi/ESPN)","✓ complete","COMPLETED_FLAGGED","⚠ official revision pending",""
"Match 14 — GG v DS","2026-07-26","GG","ci:1070229","Milan Ratnayake","BOWL","Y","2","3","0","0","66.7","","4","0","5","45","0","11.25","2","0","0","2","5","16","0","-4","4","23","cricsheet · official","Y","8","","✓ complete","COMPLETED_FLAGGED","⚠ official revision pending",""
"Match 15 — CK v JK","2026-07-28","CK","ci:1393938","Sharujan Shanmuganathan","BAT","N","","","","","","","","","","","","","","","","","","","","","","","cricsheet · official","Y","","","✓ complete","COMPLETED_FLAGGED","⚠ official revision pending",""
"Match 15 — CK v JK","2026-07-28","CK","ci:629074","Kusal Mendis","WK","N","","","","","","","","","","","","","","","","","","","","","","","cricsheet · official","Y","","","✓ complete","COMPLETED_FLAGGED","⚠ official revision pending",""
"Match 15 — CK v JK","2026-07-28","CK","ci:629076","Sadeera Samarawickrama","BAT","Y","44","36","4","2","122.2","bowled","","0","0","0","0","","0","0","0","76","0","0","0","0","4","80","cricsheet · official","Y","2","✓ clean","✓ complete","COMPLETED_FLAGGED","⚠ official revision pending",""
"Match 15 — CK v JK","2026-07-28","CK","ci:784373","Kamindu Mendis","AR","Y","28","13","2","2","215.4","caught","","0","0","0","0","","0","0","0","52","0","0","6","0","4","62","cricsheet · official","Y","4","✓ clean","✓ complete","COMPLETED_FLAGGED","⚠ official revision pending",""
"Match 15 — CK v JK","2026-07-28","CK","ci:603410","Ben McDermott","BAT","Y","9","10","1","0","90","lbw","","0","0","0","0","","0","0","0","13","0","0","0","0","4","17","cricsheet · official","Y","5","✓ clean","✓ complete","COMPLETED_FLAGGED","⚠ official revision pending",""
"Match 15 — CK v JK","2026-07-28","CK","ci:681681","Janith Liyanage","BAT","Y","20","9","4","0","222.2","caught","1","0","2","12","0","12","0","0","0","36","2","0","0","0","4","42","cricsheet · official","Y","7","✓ clean","✓ complete","COMPLETED_FLAGGED","⚠ official revision pending","⚠ official revision"
"Match 15 — CK v JK","2026-07-28","CK","ci:355269","Jimmy Neesham","AR","Y","19","14","3","0","135.7","caught","4","0","8","30","2","7.5","0","0","1","31","76","12","2","0","4","125","cricsheet · official","Y","8","⚠ runs 19/17 (cricapi/ESPN)","✓ complete","COMPLETED_FLAGGED","⚠ official revision pending","⏳ unreconciled"
"Match 15 — CK v JK","2026-07-28","CK","ci:1070229","Milan Ratnayake","AR","N","","","","","","","","","","","","","","","","","","","","","","","cricsheet · official","Y","","✓ clean","⚠ revised: not in official XI","COMPLETED_FLAGGED","⚠ official revision pending",""
"Match 15 — CK v JK","2026-07-28","CK","ci:926629","Hasan Mahmud","BOWL","N","","","","","","","","","","","","","","","","","","","","","","","cricsheet · official","Y","","","✓ complete","COMPLETED_FLAGGED","⚠ official revision pending",""
"Match 15 — CK v JK","2026-07-28","CK","ci:370040","Jeffrey Vandersay","BOWL","N","","","","","","","","","","","","","","","","","","","","","","","cricsheet · official","Y","","","✓ complete","COMPLETED_FLAGGED","⚠ official revision pending",""
"Match 15 — CK v JK","2026-07-28","CK","ci:974109","Mujeeb Ur Rahman","BOWL","Y","1","1","0","0","100","","4","1","11","38","1","9.5","0","0","0","1","53","0","0","0","4","58","cricsheet · official","Y","11","⚠ runs 1/0 (cricapi/ESPN)","✓ complete","COMPLETED_FLAGGED","⚠ official revision pending",""
"Match 15 — CK v JK","2026-07-28","CK","ci:629080","Binura Fernando","BOWL","N","","","","","","","","","","","","","","","","","","","","","","","cricsheet · official","Y","","","✓ complete","COMPLETED_FLAGGED","⚠ official revision pending",""
"Match 15 — CK v JK","2026-07-28","CK","ci:596097","Rubin Hermann","WK","Y","1","2","0","0","50","bowled","","0","0","0","0","","0","0","0","1","0","0","0","0","4","5","cricsheet · official","Y","1","✓ clean","✓ complete","COMPLETED_FLAGGED","⚠ official revision pending",""
"Match 15 — CK v JK","2026-07-28","CK","ci:794713","Kushal Bhurtel","BAT","N","","","","","","","","","","","","","","","","","","","","","","","cricsheet · official","Y","","","✓ complete","COMPLETED_FLAGGED","⚠ official revision pending",""
"Match 15 — CK v JK","2026-07-28","CK","ci:1203995","Shahnawaz Dahani","BOWL","Y","0","0","0","0","","","4","0","7","71","0","17.75","0","0","0","0","7","0","0","-6","4","5","cricsheet · official","Y","","✓ clean","✓ complete","COMPLETED_FLAGGED","⚠ official revision pending",""
"Match 15 — CK v JK","2026-07-28","CK","ci:931015","Thanuka Dabare","AR","N","","","","","","","","","","","","","","","","","","","","","","","cricsheet · official","Y","","","✓ complete","COMPLETED_FLAGGED","⚠ official revision pending",""
"Match 15 — CK v JK","2026-07-28","CK","ci:1210287","Movin Subasingha","AR","N","","","","","","","","","","","","","","","","","","","","","","","cricsheet · official","Y","","","✓ complete","COMPLETED_FLAGGED","⚠ official revision pending",""
"Match 15 — CK v JK","2026-07-28","CK","ci:1282476","Wanuja Sahan","BOWL","Y","0","1","0","0","0","caught","3","0","5","14","0","4.67","0","0","0","0","5","0","0","6","4","15","cricsheet · official","Y","9","✓ clean","✓ complete","COMPLETED_FLAGGED","⚠ official revision pending",""
"Match 15 — CK v JK","2026-07-28","CK","ci:954003","Anthony Pragasam","BOWL","N","","","","","","","","","","","","","","","","","","","","","","","cricsheet · official","Y","","","✓ complete","COMPLETED_FLAGGED","⚠ official revision pending",""
"Match 15 — CK v JK","2026-07-28","CK","ci:1282475","Malsha Tharupathi","BAT","Y","9","4","1","0","225","","2","0","3","12","0","6","0","0","0","13","3","0","0","2","4","22","cricsheet · official","Y","10","⚠ runs 9/0; 4s 1/0 (cricapi/ESPN)","✓ complete","COMPLETED_FLAGGED","⚠ official revision pending","⏳ unreconciled"
"Match 15 — CK v JK","2026-07-28","JK","ci:784369","Avishka Fernando","BAT","Y","2","7","0","0","28.6","caught","","0","0","0","0","","0","0","0","2","0","0","0","0","4","6","cricsheet · official","Y","2","⚠ runs 2/3 (cricapi/ESPN)","✓ complete","COMPLETED_FLAGGED","⚠ official revision pending",""
"Match 15 — CK v JK","2026-07-28","JK","ci:1075863","Kamil Mishara","WK","Y","44","19","6","2","231.6","caught","","0","0","0","0","","2","0","1","84","0","22","6","0","4","116","cricsheet · official","Y","1","⚠ runs 44/49; 4s 6/7 (cricapi/ESPN)","✓ complete","COMPLETED_FLAGGED","⚠ official revision pending","⏳ unreconciled"
"Match 15 — CK v JK","2026-07-28","JK","ci:921509","Ibrahim Zadran","BAT","Y","95","65","12","3","146.2","run out","","0","0","0","0","","1","0","0","173","0","8","2","0","4","187","cricsheet · official","Y","3","✓ clean","✓ complete","COMPLETED_FLAGGED","⚠ official revision pending",""
"Match 15 — CK v JK","2026-07-28","JK","ci:342619","Bhanuka Rajapaksa","BAT","Y","1","2","0","0","50","bowled","","0","0","0","0","","0","0","0","1","0","0","0","0","4","5","cricsheet · official","Y","5","✓ clean","✓ complete","COMPLETED_FLAGGED","⚠ official revision pending",""
"Match 15 — CK v JK","2026-07-28","JK","ci:56143","Shakib Al Hasan","AR","Y","0","0","0","0","","","3","0","3","27","0","9","0","0","0","0","3","0","0","0","4","7","cricsheet · official","Y","","✓ clean","✓ complete","COMPLETED_FLAGGED","⚠ official revision pending",""
"Match 15 — CK v JK","2026-07-28","JK","ci:1152427","Dunith Wellalage","AR","Y","17","19","0","0","89.5","retired out","2","0","3","21","1","10.5","0","0","0","17","41","0","0","-2","4","60","cricsheet · official","Y","4","✓ clean","✓ complete","COMPLETED_FLAGGED","⚠ official revision pending",""
"Match 15 — CK v JK","2026-07-28","JK","ci:1186658","Chamindu Wickramasinghe","AR","Y","0","1","0","0","0","","","0","0","0","0","","0","0","0","0","0","0","0","0","4","4","cricsheet · official","Y","7","✓ clean","✓ complete","COMPLETED_FLAGGED","⚠ official revision pending",""
"Match 15 — CK v JK","2026-07-28","JK","ci:1282477","Traveen Mathews","AR","N","","","","","","","","","","","","","","","","","","","","","","","cricsheet · official","Y","","✓ clean","⚠ revised: not in official XI","COMPLETED_FLAGGED","⚠ official revision pending",""
"Match 15 — CK v JK","2026-07-28","JK","ci:538506","Taskin Ahmed","BOWL","N","","","","","","","","","","","","","","","","","","","","","","","cricsheet · official","Y","","","✓ complete","COMPLETED_FLAGGED","⚠ official revision pending",""
"Match 15 — CK v JK","2026-07-28","JK","ci:221140","David Wiese","AR","N","","","","","","","","","","","","","","","","","","","","","","","cricsheet · official","Y","","","✓ complete","COMPLETED_FLAGGED","⚠ official revision pending",""
"Match 15 — CK v JK","2026-07-28","JK","ci:1462402","Kugathas Mathulan","BOWL","N","","","","","","","","","","","","","","","","","","","","","","","cricsheet · official","Y","","","✓ complete","COMPLETED_FLAGGED","⚠ official revision pending",""
"Match 15 — CK v JK","2026-07-28","JK","ci:793007","Dilshan Madushanka","BOWL","Y","0","0","0","0","","","4","0","7","30","3","7.5","0","0","0","0","109","0","0","0","4","113","cricsheet · official","Y","","⚠ wkts 3/2 (cricapi/ESPN)","✓ complete","COMPLETED_FLAGGED","⚠ official revision pending","⚠ official revision"
"Match 15 — CK v JK","2026-07-28","JK","ci:1126045","Nishan Madushka","BAT","N","","","","","","","","","","","","","","","","","","","","","","","cricsheet · official","Y","","","✓ complete","COMPLETED_FLAGGED","⚠ official revision pending",""
"Match 15 — CK v JK","2026-07-28","JK","ci:960361","Sandeep Lamichhane","BOWL","N","","","","","","","","","","","","","","","","","","","","","","","cricsheet · official","Y","","","✓ complete","COMPLETED_FLAGGED","⚠ official revision pending",""
"Match 15 — CK v JK","2026-07-28","JK","ci:32966","Piyush Chawla","BOWL","N","","","","","","","","","","","","","","","","","","","","","","","cricsheet · official","Y","","","✓ complete","COMPLETED_FLAGGED","⚠ official revision pending",""
"Match 15 — CK v JK","2026-07-28","JK","ci:384525","Zahoor Khan","BOWL","N","","","","","","","","","","","","","","","","","","","","","","","cricsheet · official","Y","","","✓ complete","COMPLETED_FLAGGED","⚠ official revision pending",""
"Match 15 — CK v JK","2026-07-28","JK","ci:379887","Lizaad Williams","BOWL","Y","0","0","0","0","","","4","0","8","47","2","11.75","0","0","0","0","76","0","0","-4","4","76","cricsheet · official","Y","","✓ clean","✓ complete","COMPLETED_FLAGGED","⚠ official revision pending","⚠ official revision"
"Match 15 — CK v JK","2026-07-28","JK","ci:1074333","Nuwanidu Fernando","BAT","N","","","","","","","","","","","","","","","","","","","","","","","cricsheet · official","Y","","","✓ complete","COMPLETED_FLAGGED","⚠ official revision pending",""
"Match 15 — CK v JK","2026-07-28","JK","ci:801817","Mohommed Shiraz","BOWL","Y","0","0","0","0","","","4","0","0","29","1","7.25","1","0","0","0","30","8","0","0","4","42","cricsheet · official","Y","","","✓ complete","COMPLETED_FLAGGED","⚠ official revision pending","⚠ official revision"
"Match 15 — CK v JK","2026-07-28","JK","ci:1439495","Praveen Manisha","BAT","N","","","","","","","","","","","","","","","","","","","","","","","cricsheet · official","Y","","","✓ complete","COMPLETED_FLAGGED","⚠ official revision pending",""
"Match 15 — CK v JK","2026-07-28","JK","ci:990031","Towhid Hridoy","BAT","Y","31","8","1","4","387.5","","","0","0","0","0","","0","0","0","63","0","0","0","0","4","67","cricsheet · official","Y","6","✓ clean","✓ complete","COMPLETED_FLAGGED","⚠ official revision pending",""
"Match 15 — CK v JK","2026-07-28","JK","","T Mathew","AR","Y","0","0","0","0","","","3","0","6","23","1","7.67","1","0","0","0","36","8","0","0","4","48","cricsheet · official","N","","","✓ complete","COMPLETED_FLAGGED","⚠ official revision pending",""
"Match 15 — CK v JK","2026-07-28","CK","","KNA Bandara","BAT","Y","15","15","2","0","100","run out","","0","0","0","0","","0","0","0","23","0","0","0","0","4","27","cricsheet · official","N","3","","✓ complete","COMPLETED_FLAGGED","⚠ official revision pending",""
"Match 15 — CK v JK","2026-07-28","CK","","RMMP Rathnayake","AR","Y","26","15","1","2","173.3","caught","2","0","3","24","0","12","2","0","0","46","3","16","6","-4","4","71","cricsheet · official","N","6","","✓ complete","COMPLETED_FLAGGED","⚠ official revision pending",""